"task","cohort","source","model","conditionalModel","model_prevalence_numerator","model_prevalence_denominator","model_prevalence_estimate","f1","f1_lb_boot","f1_ub_boot","ppv","ppv_lb_boot","ppv_ub_boot","npv","npv_lb_boot","npv_ub_boot","recall","recall_lb_boot","recall_ub_boot","specificity","specificity_lb_boot","specificity_ub_boot","w","w_lb_boot","w_ub_boot","mcc","mcc_lb_boot","mcc_ub_boot","calibrated_f1","calibrated_f1_lb_boot","calibrated_f1_ub_boot","calibrated_precision","calibrated_precision_lb_boot","calibrated_precision_ub_boot","N_val","N_valPos","N_valNeg","N_modelPos_valPos_conditionalPos","N_modelPos_valPos_conditionalNeg","N_modelPos_valNeg_conditionalPos","N_modelPos_valNeg_conditionalNeg","N_modelNeg_valPos_conditionalPos","N_modelNeg_valPos_conditionalNeg","N_modelNeg_valNeg_conditionalPos","N_modelNeg_valNeg_conditionalNeg","BDJ_pos_AD_pos","BDJ_pos_AD_neg","BDJ_neg_AD_pos","BDJ_neg_AD_neg","cohensKappa","cohensKappa_lb_boot","cohensKappa_ub_boot","median_nChar","mean_nChar","N_modelPos","N_modelNeg","ppv_lowerBound_analytical","ppv_upperBound_analytical","npv_lowerBound_analytical","npv_upperBound_analytical","ppv_lowerBound","npv_lowerBound","ppv_upperBound","npv_upperBound","hidden_sort","Task","Cohort","Source","Model","Input","Model prevalence estimate","PPV (LB - UB)","NPV (LB - UB)","PPVc","Recall (Sensitivity)","Specificity","F1","F1c","MCC","Cohen's kappa"
"invasive crc","ibd","MVP","gemma2_9B_SPPO","either",156,607,0.257001647446458,0.980392156862745,0.963449653117061,0.993827160493827,0.961538461538462,0.92947695035461,0.987730061349693,1,1,1,1,1,1,0.986870897155361,0.976187104901361,0.995773789366746,0.257001647446458,0.257001647446458,0.257001647446458,0.974122335329525,0.952545753617413,0.991743770366939,0.993129569276843,0.987047647294183,0.997856171066555,0.986352900008748,0.974426531475364,0.995721514474171,307,150,157,150,0,6,0,0,0,3,148,147,4,13,143,0.889327141251564,0.837086534085556,0.934877603835221,966,1208.15960912052,156,151,0.918167683421513,0.985756654790001,0.975866323809774,1,0.918167683421513,0.975866323809774,0.987730061349693,1,1,"CRC","IBD","MVP","gemma2_9B_SPPO","Microscopic exam","0.257","0.962 (0.92 - 0.99)","1.000 (0.98 - 1.00)","0.986","1.000","0.987","0.980","0.993","0.974","0.889"
"invasive crc","ibd","MVP","llama3_8B","either",152,607,0.250411861614498,0.95364238410596,0.932972851101206,0.972139585105547,0.947368421052632,0.909090909090909,0.979865771812081,0.986813186813187,0.984615384615385,0.992307692307692,0.96,0.952365145228216,0.976099734332465,0.982494529540481,0.970191694857087,0.993215093441257,0.250411861614498,0.250411861614498,0.250411861614498,0.93832886293179,0.911787229387163,0.962830746224256,0.971117265077663,0.962377781867472,0.980711597959808,0.982495033541589,0.968970072048151,0.993421562877505,307,150,157,144,0,8,0,6,0,1,148,147,4,13,143,0.889327141251564,0.83694151139816,0.934861022703162,966,1208.15960912052,152,155,0.898930262898741,0.97700651228527,0.954168110399616,0.998433521741772,0.898930262898741,0.954168110399616,0.979865771812081,0.998433521741772,1,"CRC","IBD","MVP","llama3_8B","Microscopic exam","0.250","0.947 (0.90 - 0.98)","0.987 (0.95 - 1.00)","0.982","0.960","0.982","0.954","0.971","0.938","0.889"
"invasive crc","ibd","MVP","llama3.2_3B","either",NA,NA,0.217507458034641,0.87934834690944,0.83372885926894,0.919463087248322,0.939201637666325,0.881529374810681,0.984848484848485,0.945260043245704,0.926428075076317,0.962850709750155,0.826666666666667,0.763153021442495,0.884060180275716,0.982435389437578,0.964662222329424,0.995682867227803,0.217507458034641,0.199076011931888,0.236601079468982,0.845943121357068,0.789240540803297,0.896682192505956,0.899057252649104,0.860270373309383,0.932477991309029,0.985343007981539,0.967841688417078,0.996621068190687,307,150,157,124,0,5,1,26,0,4,147,147,4,13,143,0.889327141251564,0.836656426147935,0.93487207772922,966,1208.15960912052,130,177,0.88234476658615,0.973060303874071,0.898555799921257,0.972578107387956,0.881529374810681,0.898555799921257,0.984848484848485,0.972578107387956,1,"CRC","IBD","MVP","llama3.2_3B","Microscopic exam","0.218","0.939 (0.88 - 0.98)","0.945 (0.90 - 0.97)","0.985","0.827","0.982","0.879","0.899","0.846","0.889"
"invasive crc","ibd","MVP","gemma2_2B","either",NA,NA,0.230687029698562,0.903364085360172,0.862139319132028,0.938776378448376,0.935533680756611,0.879998814853543,0.979452054794521,0.95931242041903,0.941964870651487,0.975243735702117,0.873333333333334,0.817566334582758,0.92405281536447,0.980247205630138,0.961688814880382,0.993780310684045,0.230687029698562,0.213641429397656,0.247997238118879,0.873969803443382,0.821150183088947,0.920067469130202,0.924605853022255,0.892331894413592,0.952329531671748,0.982274180008198,0.963524750126633,0.994816157142342,307,150,157,131,0,6,1,19,0,3,147,147,4,13,143,0.889327141251564,0.836580258249199,0.934877603835221,966,1208.15960912052,138,169,0.879807844392778,0.969747266687957,0.916523272629911,0.983187280151627,0.879807844392778,0.916523272629911,0.979452054794521,0.983187280151627,1,"CRC","IBD","MVP","gemma2_2B","Microscopic exam","0.231","0.936 (0.88 - 0.98)","0.959 (0.92 - 0.98)","0.982","0.873","0.980","0.903","0.925","0.874","0.889"
"invasive crc","ibd","MVP","llama3_8B_full","either",NA,NA,0.245093689686646,0.910632761989692,0.861613521668164,0.951120114180284,0.909762764733134,0.83496100111627,0.970588235294118,0.971323244914189,0.953601442710239,0.987150166157476,0.911504424778761,0.854700854700855,0.961174383868559,0.970721048550557,0.944168045476968,0.990694498634413,0.245093689686646,0.227172661136301,0.265816267431939,0.881655557406037,0.818031180892184,0.935364830534696,0.940538860350482,0.908570313829696,0.96752963300856,0.971483838964524,0.940973106402061,0.991441394381008,227,113,114,103,0,7,1,10,0,1,105,111,2,12,102,0.876697447039652,0.807565592002126,0.937873871056027,5140,5623.29955947137,111,116,0.84055759107196,0.955949049974649,0.926278694864236,0.994634531653958,0.83496100111627,0.926278694864236,0.970588235294118,0.994634531653958,1,"CRC","IBD","MVP","llama3_8B_full","Full pathology report","0.245","0.910 (0.83 - 0.97)","0.971 (0.93 - 0.99)","0.971","0.912","0.971","0.911","0.941","0.882","0.877"
"invasive crc","ibd","MVP","gemma2_9B_SPPO_full","either",NA,NA,0.292428297031539,0.894866697535234,0.836985593750196,0.948708123494635,0.821725277225557,0.730740945472419,0.915400491378038,0.993880969721438,0.984384603466871,1,0.982300884955753,0.954545454545455,1,0.93098447851342,0.885871418194755,0.969754349558198,0.292428297031539,0.265045181606808,0.32543550290167,0.863065030974326,0.790768784987612,0.932132381183577,0.949625312399593,0.91226041835874,0.97777561237554,0.919053617295901,0.852707048537712,0.967681848241375,227,113,114,111,0,8,5,2,0,0,101,111,2,12,102,0.876697447039652,0.812741953287377,0.937873871056027,5140,5623.29955947137,124,103,0.743798867117411,0.885344156063034,0.947091713259796,0.999754226246306,0.730740945472419,0.947091713259796,0.915400491378038,1,1,"CRC","IBD","MVP","gemma2_9B_SPPO_full","Full pathology report","0.292","0.822 (0.73 - 0.92)","0.994 (0.95 - 1.00)","0.919","0.982","0.931","0.895","0.950","0.863","0.877"
"invasive crc","ibd","MVP","either","either",159,607,0.261943986820428,0.970873786407767,0.949640287769784,0.987577639751553,0.943396226415094,0.904109589041096,0.975460122699387,1,1,1,1,1,1,0.980306345733042,0.967087559511488,0.991365734455607,0.261943986820428,0.261943986820428,0.261943986820428,0.961674220978873,0.935068519412716,0.983380771101425,0.98946484970294,0.981526664342977,0.995555555555556,0.979149363990034,0.9637234770705,0.991150442477876,307,150,157,150,0,9,0,0,0,0,148,147,4,13,143,0.889327141251564,0.836175798843092,0.934891414998303,966,1208.15960912052,159,148,0.895269868903874,0.973793513818914,0.975383198421016,1,0.895269868903874,0.975383198421016,0.975460122699387,1,1,"CRC","IBD","MVP","either","Microscopic exam","0.262","0.943 (0.90 - 0.98)","1.000 (0.98 - 1.00)","0.979","1.000","0.980","0.971","0.989","0.962","0.889"
"invasive crc","ibd","MVP","both","either",149,607,0.245469522240527,0.963210702341137,0.943432988813974,0.980324817647116,0.966442953020134,0.934640522875817,0.993103448275862,0.986899563318777,0.980349344978166,0.994186681222707,0.96,0.940789329085132,0.981915935750777,0.989059080962801,0.978901844015164,0.997733553404815,0.245469522240527,0.245469522240527,0.245469522240527,0.951198387508816,0.925277365059367,0.973965733043176,0.97441625445455,0.962603663697617,0.986414519612234,0.989272085823313,0.978575410074871,0.997827802151772,307,150,157,144,0,5,0,6,0,4,148,147,4,13,143,0.889327141251564,0.836732696741484,0.934880366536569,966,1208.15960912052,149,158,0.923428638625298,0.989015995029777,0.955023945245015,0.998463336813674,0.923428638625298,0.955023945245015,0.993103448275862,0.998463336813674,1,"CRC","IBD","MVP","both","Microscopic exam","0.245","0.966 (0.92 - 0.99)","0.987 (0.96 - 1.00)","0.989","0.960","0.989","0.963","0.974","0.951","0.889"
"invasive crc","ibd","MVP","either_small","either",NA,NA,0.250500912774389,0.926986399427344,0.888062292591894,0.961038961038961,0.920725204408105,0.858992714669148,0.973856209150327,0.978019366720133,0.964501174536446,0.990361917395895,0.933333333333333,0.891025641025641,0.970802919708029,0.973623514104915,0.950789927390412,0.991524167080073,0.250500912774389,0.233760140137218,0.269481637945552,0.902841371937899,0.851576628084075,0.948226708712231,0.953158471943996,0.928495233447518,0.974409348769486,0.973844108847291,0.948031360572939,0.992101143536908,307,150,157,140,0,6,2,10,0,3,146,147,4,13,143,0.889327141251564,0.837003843948436,0.93487207772922,966,1208.15960912052,148,159,0.862651103172818,0.957402222105277,0.9458520779755,0.996091949663175,0.858992714669148,0.9458520779755,0.973856209150327,0.996091949663175,1,"CRC","IBD","MVP","either_small","Microscopic exam","0.251","0.921 (0.86 - 0.97)","0.978 (0.95 - 1.00)","0.974","0.933","0.974","0.927","0.953","0.903","0.889"
"invasive crc","ibd","MVP","both_small","either",NA,NA,0.197693574958814,0.851851851851852,0.803347280334728,0.895106304985337,0.958333333333333,0.91869918699187,0.991452991452991,0.928131416837782,0.908256434423076,0.947408915490494,0.766666666666667,0.696551724137932,0.832214765100671,0.989059080962801,0.978824773463576,0.997760594921198,0.197693574958814,0.179795872610472,0.214794069192751,0.818488995692817,0.764868546940235,0.869227960883825,0.864841910203451,0.818565242964944,0.905033342013174,0.991853360488798,0.983355528152733,0.99838858055188,307,150,157,115,0,5,0,35,0,4,148,147,4,13,143,0.889327141251564,0.836926960161181,0.934863786811508,966,1208.15960912052,120,187,0.905441200024063,0.98633461588321,0.884054647312737,0.962467431923296,0.905441200024063,0.884054647312737,0.991452991452991,0.962467431923296,1,"CRC","IBD","MVP","both_small","Microscopic exam","0.198","0.958 (0.91 - 0.99)","0.928 (0.88 - 0.96)","0.992","0.767","0.989","0.852","0.865","0.818","0.889"
"invasive crc","ibd","MVP","either_full","either",NA,NA,0.292428297031539,0.894866697535234,0.837089914582382,0.948480957024024,0.821725277225557,0.731512250979871,0.91228205792387,0.993880969721438,0.984498516728486,1,0.982300884955753,0.954545454545455,1,0.93098447851342,0.885890739350104,0.968639288904988,0.292428297031539,0.265228911978707,0.325524923326851,0.863065030974326,0.79096403544234,0.931503019162591,0.949625312399593,0.911776353158464,0.977027749369342,0.919053617295901,0.853580319418125,0.966492309756402,227,113,114,111,0,8,5,2,0,0,101,111,2,12,102,0.876697447039652,0.807562992973314,0.937403978727595,5140,5623.29955947137,124,103,0.743798867117411,0.885344156063034,0.947091713259796,0.999754226246306,0.731512250979871,0.947091713259796,0.91228205792387,1,1,"CRC","IBD","MVP","either_full","Full pathology report","0.292","0.822 (0.73 - 0.91)","0.994 (0.95 - 1.00)","0.919","0.982","0.931","0.895","0.950","0.863","0.877"
"invasive crc","ibd","MVP","both_full","either",NA,NA,0.245093689686646,0.910632761989692,0.86231551491427,0.950413223140496,0.909762764733134,0.836486769950525,0.970007425742574,0.971323244914189,0.954115978146132,0.987273478459276,0.911504424778761,0.855855855855856,0.9609375,0.970721048550557,0.944201241872784,0.990528949249464,0.245093689686646,0.22688046163834,0.266380360441316,0.881655557406037,0.818705139015545,0.93441440011182,0.940538860350482,0.908224352234631,0.967547070617343,0.971483838964524,0.941108665437494,0.99125807402266,227,113,114,103,0,7,1,10,0,1,105,111,2,12,102,0.876697447039652,0.81357788119354,0.936151404347651,5140,5623.29955947137,111,116,0.84055759107196,0.955949049974649,0.926278694864236,0.994634531653958,0.836486769950525,0.926278694864236,0.970007425742574,0.994634531653958,1,"CRC","IBD","MVP","both_full","Full pathology report","0.245","0.910 (0.84 - 0.97)","0.971 (0.93 - 0.99)","0.971","0.912","0.971","0.911","0.941","0.882","0.877"
"invasive crc","ibd","MVP","BDJ","either",NA,NA,0.252103833652433,0.976810560114163,0.95130085970604,0.996515679442509,0.967149417167079,0.920851300465234,1,0.995594451390129,0.988832348494334,1,0.986666666666667,0.965986394557824,1,0.988999940859897,0.972308843702524,1,0.252103833652433,0.239166248836043,0.266442892840667,0.969183699900184,0.935628449945179,0.99539290648065,0.987746811742408,0.97480415299296,0.997814322059169,0.988829324369571,0.970608264635735,1,307,150,157,148,0,2,1,2,0,7,147,147,4,13,143,0.889327141251564,0.836829712757421,0.940893779091371,966,1208.15960912052,151,156,0.924420255919572,0.989162646407954,0.964803299285188,0.999837719527976,0.920851300465234,0.964803299285188,1,1,1,"CRC","IBD","MVP","BDJ","Microscopic exam","0.252","0.967 (0.92 - 1.00)","0.996 (0.96 - 1.00)","0.989","0.987","0.989","0.977","0.988","0.969","0.889"
"invasive crc","ibd","MVP","AD","either",NA,NA,0.283627944253974,0.925,0.879209387683887,0.965213341430428,0.865463108320251,0.790020288895862,0.93834054656806,0.997700292125054,0.992575485913095,1,0.993333333333333,0.97841726618705,1,0.949316931811461,0.914350454938327,0.978212525117937,0.283627944253974,0.261301101951208,0.309554457445612,0.902031711356674,0.844224072516508,0.953972069338119,0.967189275016604,0.940660955281135,0.986188496233947,0.942386122914895,0.894982988241705,0.977096861837208,307,150,157,149,0,5,6,1,0,4,142,147,4,13,143,0.889327141251564,0.835642546630404,0.934880642748112,966,1208.15960912052,160,147,0.79925399480743,0.911780669828888,0.975217829510419,1,0.790020288895862,0.975217829510419,0.93834054656806,1,1,"CRC","IBD","MVP","AD","Microscopic exam","0.284","0.865 (0.79 - 0.94)","0.998 (0.98 - 1.00)","0.942","0.993","0.949","0.925","0.967","0.902","0.889"
"invasive crc","non-ibd","MVP","gemma2_9B_SPPO","llama3_8B",522,1000,0.522,0.950473379471797,0.927861454067295,0.971930217866817,0.981689994005265,0.958165854668271,1,0.908271644673318,0.861036690304778,0.952609251510925,0.921180885118248,0.885053259571872,0.957705287379728,0.978459382993703,0.951903210040733,1,0.522,0.522,0.522,0.894787867167493,0.845706462984048,0.940913625474888,0.950423036886313,0.928214986658683,0.971669541238792,0.981582592637531,0.958082902714933,1,300,164,136,145,6,2,1,2,11,1,132,155,1,11,133,0.919657204070702,0.872902897419482,0.959928985208811,679,1092.37666666667,154,146,0.944127017169639,0.995964489512337,0.852550271311607,0.951734724644916,0.944127017169639,0.852550271311607,1,0.952609251510925,1,"CRC","non-IBD","MVP","gemma2_9B_SPPO","Microscopic exam","0.522","0.982 (0.94 - 1.00)","0.908 (0.85 - 0.95)","0.982","0.921","0.978","0.950","0.950","0.895","0.920"
"invasive crc","non-ibd","MVP","llama3_8B","llama3_8B",515,1000,0.515,0.939267990074442,0.914376205203795,0.962433257055683,0.98,0.954838709677419,1,0.886666666666667,0.833333333333333,0.933735937125987,0.901786777843955,0.862501145204413,0.93982925089456,0.976608629825889,0.9483871194447,1,0.515,0.515,0.515,0.872511329428181,0.81892957133168,0.92177041905523,0.93965013600316,0.915302931146126,0.962395745958854,0.980832385301155,0.956581662344842,1,300,164,136,147,0,3,0,0,17,0,133,155,1,11,133,0.919657204070702,0.873186229261453,0.959928762243989,679,1092.37666666667,150,150,0.942665777711794,0.995856374718779,0.824751361334463,0.932575860352091,0.942665777711794,0.824751361334463,1,0.933735937125987,1,"CRC","non-IBD","MVP","llama3_8B","Microscopic exam","0.515","0.980 (0.94 - 1.00)","0.887 (0.82 - 0.93)","0.981","0.902","0.977","0.939","0.940","0.873","0.920"
"invasive crc","non-ibd","MVP","either","llama3_8B",534,1000,0.534,0.953794120418184,0.930325520339274,0.975141591489422,0.97286784376672,0.943928669173998,0.994194756554307,0.923076923076923,0.877551020408163,0.963503649635037,0.935453921975624,0.900805561769518,0.96838900171351,0.96741522883186,0.934341291273919,0.99284254719985,0.534,0.534,0.534,0.899400295091418,0.847616340230541,0.94630657104151,0.95288216637609,0.929274340572342,0.97434936556161,0.970972143253767,0.939997347562356,0.993753766185591,300,164,136,147,6,3,1,0,11,0,132,155,1,11,133,0.919657204070702,0.872824348088534,0.959893048128342,679,1092.37666666667,157,143,0.936053906613412,0.993015504562812,0.866532505846055,0.96097560422375,0.936053906613412,0.866532505846055,0.994194756554307,0.963503649635037,1,"CRC","non-IBD","MVP","either","Microscopic exam","0.534","0.973 (0.94 - 0.99)","0.923 (0.87 - 0.96)","0.971","0.935","0.967","0.954","0.953","0.899","0.920"
"invasive crc","non-ibd","MVP","both","llama3_8B",503,1000,0.503,0.934272965008477,0.909466776009315,0.958523195702252,0.986394557823129,0.964539007092199,1,0.873306505700872,0.820145207388586,0.92448757393988,0.88738318382404,0.847556720135722,0.929595721588811,0.984477440598436,0.960390650689441,1,0.503,0.503,0.503,0.865759496662152,0.813384492407132,0.916093972935053,0.934886805862086,0.91086116281828,0.958727960900338,0.98776404147381,0.967990480126517,1,300,164,136,145,0,2,0,2,17,1,133,155,1,11,133,0.919657204070702,0.873028601978081,0.959937814568117,679,1092.37666666667,147,153,0.951718164520492,0.998348049911843,0.812881735366164,0.923550587015324,0.951718164520492,0.812881735366164,1,0.92448757393988,1,"CRC","non-IBD","MVP","both","Microscopic exam","0.503","0.986 (0.95 - 1.00)","0.873 (0.81 - 0.92)","0.988","0.887","0.984","0.934","0.935","0.866","0.920"
"invasive crc","non-ibd","MVP","BDJ","llama3_8B",NA,NA,0.5338,0.976344348250213,0.959036131078666,0.990885537607402,1,1,1,0.944515944515945,0.902904607614203,0.978746348782617,0.953782013103038,0.921296271423012,0.981935721402784,1,1,1,0.5338,0.512387249589741,0.556627057501538,0.949137671240761,0.911866410247944,0.980411358320965,0.976344348250213,0.959036131078666,0.990885537607402,1,1,1,300,164,136,147,9,0,0,0,8,3,133,155,1,11,133,0.919657204070702,0.872620005363368,0.959951942330797,679,1092.37666666667,156,144,0.97663072840862,1,0.89346905666515,0.97571283683012,0.97663072840862,0.89346905666515,1,0.978746348782617,1,"CRC","non-IBD","MVP","BDJ","Microscopic exam","0.534","1.000 (0.98 - 1.00)","0.945 (0.89 - 0.98)","1.000","0.954","1.000","0.976","0.976","0.949","0.920"
"invasive crc","non-ibd","MVP","AD","llama3_8B",NA,NA,0.566333333333333,0.98833629366489,0.975939376844258,0.99730401532554,0.982519128899353,0.959949050062813,1,0.992544196771714,0.975653888729796,1,0.99422275163788,0.981368125398158,1,0.977517032551098,0.948967774415168,1,0.566333333333333,0.540106453441581,0.593706166521997,0.973400136458892,0.945611019218716,0.993843740435541,0.985750317170702,0.969869323323981,0.997168322385019,0.977421061102693,0.947611897914931,1,300,164,136,147,16,1,2,0,1,2,131,155,1,11,133,0.919657204070702,0.872812145375376,0.95996263178967,679,1092.37666666667,166,134,0.94809565251405,0.996257439873713,0.959122962463657,0.999811078982269,0.94809565251405,0.959122962463657,1,1,1,"CRC","non-IBD","MVP","AD","Microscopic exam","0.566","0.983 (0.95 - 1.00)","0.993 (0.96 - 1.00)","0.977","0.994","0.978","0.988","0.986","0.973","0.920"
"indefinite dysplasia","ibd","MVP","gemma2_9B_SPPO","llama3_8B",428,14379,0.0297656304332707,0.851749368024985,0.719077657632402,0.960219806873103,0.751683617372183,0.568941020459712,0.933211762024162,0.999590403145704,0.998957389825428,1,0.982548328938338,0.954422111023579,1,0.992436471609296,0.986945553111864,0.997954635843437,0.0297656304332707,0.0297656304332707,0.0297656304332707,0.855850893001375,0.739490684486152,0.95952370744617,0.986329753694256,0.968200066001109,0.99825212509752,0.990140397201081,0.977807636766437,0.997845019583869,300,121,179,118,1,18,1,2,0,12,148,117,3,7,173,0.930939226519337,0.885546291474228,0.971504694576503,864.5,999.15,138,162,0.67309046843457,0.82294830561827,0.977486438547195,1,0.568941020459712,0.977486438547195,0.933211762024162,1,4,"IND","IBD","MVP","gemma2_9B_SPPO","Microscopic exam","0.030","0.752 (0.57 - 0.93)","1.000 (0.98 - 1.00)","0.990","0.983","0.992","0.852","0.986","0.856","0.931"
"indefinite dysplasia","ibd","MVP","llama3_8B","llama3_8B",333,14379,0.0231587732109326,0.76878679441302,0.582033785182352,0.916967509025271,0.8,0.732876712328767,0.861635220125786,0.993333333333333,0.978723404255319,1,0.739917786912564,0.467163528456843,1,0.995249290960242,0.993655119368304,0.996707121063724,0.0231587732109326,0.0231587732109326,0.0231587732109326,0.763696633779251,0.588835374121899,0.918477007361843,0.848937166177133,0.636151023518749,0.997857827906302,0.995633689372183,0.9920922985308,0.997670272334911,300,121,179,120,0,30,0,0,1,0,149,117,3,7,173,0.930939226519337,0.885135135135135,0.97160573138157,864.5,999.15,150,150,0.726963782209073,0.860806000776342,0.96341683225942,0.99983122885689,0.726963782209073,0.96341683225942,0.861635220125786,1,4,"IND","IBD","MVP","llama3_8B","Microscopic exam","0.023","0.800 (0.73 - 0.86)","0.993 (0.96 - 1.00)","0.996","0.740","0.995","0.769","0.849","0.764","0.931"
"indefinite dysplasia","ibd","MVP","llama3.2_3B","llama3_8B",NA,NA,0.0189901940329647,0.778455220344336,0.575548131094537,0.940170940170939,0.902439024390244,0.846153846153846,0.951612903225806,0.99194523725466,0.977167963870182,0.999218512779959,0.68442395289412,0.424576302626611,0.95834194214876,0.998099716384097,0.996997114476272,0.999055272520644,0.0189901940329647,0.0175175335826285,0.0203466364638908,0.781305591943747,0.605953929654091,0.939090167216817,0.812177786399746,0.595858075166713,0.977865279813683,0.99856973036588,0.997109558875726,0.999403030664248,300,121,179,111,0,12,0,9,1,18,149,117,3,7,173,0.930939226519337,0.884720663404125,0.971401334604385,864.5,999.15,123,177,0.835781456549465,0.948565410208722,0.968925312868179,0.999856971766325,0.835781456549465,0.968925312868179,0.951612903225806,0.999856971766325,4,"IND","IBD","MVP","llama3.2_3B","Microscopic exam","0.019","0.902 (0.84 - 0.95)","0.992 (0.97 - 1.00)","0.999","0.684","0.998","0.778","0.812","0.781","0.931"
"indefinite dysplasia","ibd","MVP","gemma2_2B","llama3_8B",NA,NA,0.0188358022115585,0.774156733451685,0.570797489036709,0.936507936507937,0.901639344262295,0.84670129140932,0.951612903225806,0.991789148974778,0.976749466416596,0.999097922508947,0.678257971336517,0.419886568558411,0.95238095238095,0.998099716384097,0.997013726421242,0.999072185837066,0.0188358022115585,0.0173326667427735,0.0202272829310677,0.777352706195546,0.602256977488933,0.935444859369465,0.807824352674011,0.591295838345965,0.974679747692733,0.998581564995166,0.997107314569877,0.999418279167022,300,121,179,110,0,12,0,10,1,18,149,117,3,7,173,0.930939226519337,0.884301270417423,0.971512398258565,864.5,999.15,122,178,0.83448661316221,0.948135007032489,0.969097652047356,0.999857775238584,0.83448661316221,0.969097652047356,0.951612903225806,0.999857775238584,4,"IND","IBD","MVP","gemma2_2B","Microscopic exam","0.019","0.902 (0.83 - 0.95)","0.992 (0.97 - 1.00)","0.999","0.678","0.998","0.774","0.808","0.777","0.931"
"indefinite dysplasia","ibd","MVP","llama3_8B_full","llama3_8B",NA,NA,0.0193931190302932,0.772075956270948,0.551925894135666,0.951923076923074,0.902912621359223,0.843137254901961,0.956989247311828,0.991377200188733,0.973890536956802,0.999615915476146,0.674358023463009,0.401252122570175,0.979381443298972,0.998066980375792,0.996877217550835,0.999154404830764,0.0193931190302932,0.0177859378259962,0.0208253921659008,0.775462982151557,0.585716304415916,0.95128613083046,0.805047369535042,0.572577665850124,0.988575032049129,0.998568016680735,0.996884371805609,0.999459930525056,253,99,154,93,0,10,0,5,1,15,129,99,2,6,146,0.934515335835382,0.886101084196434,0.975402663901222,5088,5253.13438735178,103,150,0.828693719645652,0.952453581560788,0.96341683225942,0.99983122885689,0.828693719645652,0.96341683225942,0.956989247311828,0.99983122885689,4,"IND","IBD","MVP","llama3_8B_full","Full pathology report","0.019","0.903 (0.83 - 0.96)","0.991 (0.96 - 1.00)","0.999","0.674","0.998","0.772","0.805","0.775","0.935"
"indefinite dysplasia","ibd","MVP","gemma2_9B_SPPO_full","llama3_8B",NA,NA,0.0284135439855418,0.664778788581169,0.459842420179269,0.936170212765956,0.63614521568541,0.392917788489099,0.91304347826087,0.991878511014423,0.974499058058167,1,0.69611150809085,0.417473623545609,1,0.989385994199816,0.972123328427797,0.998139915353574,0.0284135439855418,0.0199644596645971,0.0451408524057362,0.656131614870074,0.447381676042672,0.935979209463049,0.816928306206768,0.588003597669703,0.993708730078822,0.988490221404046,0.94144093534203,0.998731496011534,253,99,154,96,0,15,1,2,1,10,128,99,2,6,146,0.934515335835382,0.886102000128626,0.975548468155021,5088,5253.13438735178,112,141,0.53764474926112,0.722940957239766,0.961119486328508,0.999820457197864,0.392917788489099,0.961119486328508,0.91304347826087,1,4,"IND","IBD","MVP","gemma2_9B_SPPO_full","Full pathology report","0.028","0.636 (0.39 - 0.91)","0.992 (0.96 - 1.00)","0.988","0.696","0.989","0.665","0.817","0.656","0.935"
"indefinite dysplasia","ibd","MVP","either","llama3_8B",468,14379,0.0325474650532026,0.815039878465629,0.644020381656509,0.946982511073173,0.687820512820513,0.474948423224285,0.899303687765226,1,1,1,1,1,1,0.989606675630109,0.982642584856715,0.996623767792979,0.0325474650532026,0.0325474650532026,0.0325474650532026,0.825028345647896,0.68315777553266,0.94671401684495,0.992423237559008,0.981743766736638,0.998120044904876,0.98496042639444,0.964142162518655,0.996247145008615,300,121,179,120,1,30,1,0,0,0,148,117,3,7,173,0.930939226519337,0.88513461763259,0.971293239557916,864.5,999.15,152,148,0.610812714517336,0.763154279192527,0.975383198421016,1,0.474948423224285,0.975383198421016,0.899303687765226,1,4,"IND","IBD","MVP","either","Microscopic exam","0.033","0.688 (0.47 - 0.90)","1.000 (0.98 - 1.00)","0.985","1.000","0.990","0.815","0.992","0.825","0.931"
"indefinite dysplasia","ibd","MVP","both","llama3_8B",293,14379,0.0203769385910008,0.786360863924068,0.588702031781778,0.944829275675601,0.86764705882353,0.808510638297872,0.921985815602837,0.992946593375388,0.978370164506444,1,0.719000717996566,0.451406672731851,1,0.997235063364127,0.995998419762339,0.99836735516254,0.0203769385910008,0.0203769385910008,0.0203769385910008,0.785103793722043,0.607941104652438,0.944576421106258,0.835735869744607,0.621688743186269,0.998402494943051,0.997723801718887,0.995708422356451,0.998917705310076,300,121,179,118,0,18,0,2,1,12,149,117,3,7,173,0.930939226519337,0.886066935675291,0.97189639011578,864.5,999.15,136,164,0.798911849416546,0.919634883389029,0.966496322896613,0.999845635037544,0.798911849416546,0.966496322896613,0.921985815602837,1,4,"IND","IBD","MVP","both","Microscopic exam","0.020","0.868 (0.80 - 0.92)","0.993 (0.97 - 1.00)","0.998","0.719","0.997","0.786","0.836","0.785","0.931"
"indefinite dysplasia","ibd","MVP","either_small","llama3_8B",NA,NA,0.0200709367828083,0.794030587074492,0.591190938802815,0.952029520295204,0.892307692307692,0.837209302325581,0.942862950058072,0.992724124226424,0.977892744803176,0.999834567617878,0.715253860682143,0.446530749066133,0.991228070175439,0.997783002448113,0.996637351664312,0.998827799926952,0.0200709367828083,0.0187543439499577,0.0212856371424013,0.79439304518101,0.614365069598566,0.951506369784241,0.833377402660205,0.617203559873858,0.994200576083033,0.998235035111934,0.996564460929411,0.999205185618283,300,121,179,116,0,14,0,4,1,16,149,117,3,7,173,0.930939226519337,0.8856482610402,0.971797917979776,864.5,999.15,130,170,0.825914479386931,0.939859312896365,0.967662933939495,0.999851082807006,0.825914479386931,0.967662933939495,0.942862950058072,0.999851082807006,4,"IND","IBD","MVP","either_small","Microscopic exam","0.020","0.892 (0.83 - 0.94)","0.993 (0.97 - 1.00)","0.998","0.715","0.998","0.794","0.833","0.794","0.931"
"indefinite dysplasia","ibd","MVP","both_small","llama3_8B",NA,NA,0.017755059461715,0.757629928169791,0.559369349626437,0.92376788383515,0.913043478260869,0.857142857142857,0.961538461538462,0.991012270155837,0.976459046906479,0.998477223742061,0.647428063548492,0.404302159262859,0.919354838709673,0.998416430320081,0.99739362250659,0.999307984437821,0.017755059461715,0.0161172543292301,0.0192740757690988,0.764120034592185,0.593854085845872,0.922712892964669,0.785642321401307,0.575700159215212,0.957125771790406,0.998886678046144,0.997681575821723,0.999581728833497,300,121,179,105,0,10,0,15,1,20,149,117,3,7,173,0.930939226519337,0.885598577867429,0.971708789136175,864.5,999.15,115,185,0.845894768784591,0.957510822709032,0.961495213861531,0.998688068707744,0.845894768784591,0.961495213861531,0.961538461538462,0.998688068707744,4,"IND","IBD","MVP","both_small","Microscopic exam","0.018","0.913 (0.85 - 0.96)","0.991 (0.96 - 1.00)","0.999","0.647","0.998","0.758","0.786","0.764","0.931"
"indefinite dysplasia","ibd","MVP","either_full","llama3_8B",NA,NA,0.0287901094036057,0.660207000973668,0.459975780943581,0.928229665071768,0.627824639832928,0.389440330126621,0.89908256880734,0.991875362084491,0.975085148999705,1,0.696111508090848,0.421064554375033,1,0.988999390274974,0.971878134834132,0.997798847591765,0.0287901094036057,0.0203711431022092,0.0453231245098689,0.651585163298663,0.448137891755136,0.928205340014186,0.816731882398196,0.591531107425496,0.993606628728547,0.987915241411815,0.941152431217828,0.998488256169435,253,99,154,96,0,17,1,2,1,8,128,99,2,6,146,0.934515335835382,0.885896527285613,0.975326174818229,5088,5253.13438735178,114,139,0.53614316812572,0.719998701509349,0.960569231126278,0.999817874083455,0.389440330126621,0.960569231126278,0.89908256880734,1,4,"IND","IBD","MVP","either_full","Full pathology report","0.029","0.628 (0.39 - 0.90)","0.992 (0.96 - 1.00)","0.988","0.696","0.989","0.660","0.817","0.652","0.935"
"indefinite dysplasia","ibd","MVP","both_full","llama3_8B",NA,NA,0.0190165536122292,0.778539305505277,0.55489474609229,0.961325966850826,0.920792079207921,0.863636363636364,0.97,0.991380510181606,0.974148965518026,0.999621613259963,0.674358023463011,0.400012122429433,0.979797979797981,0.998453584300633,0.99732062671718,0.999414714342451,0.0190165536122292,0.0173690799081995,0.0205229222632969,0.783403029369362,0.592898000794706,0.960663167556749,0.805147680725771,0.571402188715661,0.989035861742934,0.998876741789703,0.997477663931698,0.999624618336891,253,99,154,93,0,8,0,5,1,17,129,99,2,6,146,0.934515335835382,0.885777859899512,0.975402663901222,5088,5253.13438735178,101,152,0.849883798994912,0.965183089601205,0.963890966262534,0.999833449344888,0.849883798994912,0.963890966262534,0.97,0.999833449344888,4,"IND","IBD","MVP","both_full","Full pathology report","0.019","0.921 (0.85 - 0.97)","0.991 (0.96 - 1.00)","0.999","0.674","0.998","0.779","0.805","0.783","0.935"
"indefinite dysplasia","ibd","MVP","BDJ","llama3_8B",NA,NA,0.0248849015926003,0.98453737497562,0.963562753036437,0.996587357075096,0.987591526465821,0.962962962962963,1,0.999525004314901,0.99892161929997,1,0.981502055327183,0.951399071093415,1,0.999683286064016,0.999181527263923,1,0.0248849015926003,0.0172525089021042,0.0395471119575213,0.9841464678832,0.962955472756273,0.996505530545715,0.990510278260693,0.97493260743565,0.999843224201327,0.999685387765032,0.999170519486154,1,300,121,179,117,1,2,0,3,0,28,149,117,3,7,173,0.930939226519337,0.884857708792623,0.971509971509972,864.5,999.15,120,180,0.954444486766407,0.999789040521878,0.979714795429887,1,0.954444486766407,0.979714795429887,1,1,4,"IND","IBD","MVP","BDJ","Microscopic exam","0.025","0.988 (0.95 - 1.00)","1.000 (0.98 - 1.00)","1.000","0.982","1.000","0.985","0.991","0.984","0.931"
"indefinite dysplasia","ibd","MVP","AD","llama3_8B",NA,NA,0.0382182349259337,0.786780711976956,0.557523847236423,0.995780590717297,0.65112639662263,0.388476122540141,0.994830503410013,0.999839473124764,0.999484085371899,1,0.993834018442394,0.975806451612906,1.00000000000001,0.986324235178644,0.965240126887329,0.999849273737795,0.0382182349259337,0.0186717609013144,0.0630843350973869,0.798780051114514,0.609599453666101,0.995708982316747,0.986502671640329,0.95327258543398,0.999841187870452,0.97927869700234,0.917508948987126,0.999849500340085,300,121,179,119,1,2,2,1,0,28,147,117,3,7,173,0.930939226519337,0.885070679685688,0.971890372452565,864.5,999.15,124,176,0.562530246285277,0.73641442160429,0.979258582266156,1,0.388476122540141,0.979258582266156,0.994830503410013,1,4,"IND","IBD","MVP","AD","Microscopic exam","0.038","0.651 (0.39 - 0.99)","1.000 (0.98 - 1.00)","0.979","0.994","0.986","0.787","0.987","0.799","0.931"
"hgd or crc","non-ibd","MVP","gemma2_9B_SPPO","llama3_8B",306,1000,0.306,0.964791275938012,0.930244792305434,0.992132411291237,0.976949891067538,0.935360721395838,1,0.978723404255319,0.951724137931034,1,0.952931580332364,0.898934842306732,1,0.989722478394387,0.971558563719425,1,0.306,0.306,0.306,0.949141354410848,0.899213012377318,0.988712574553605,0.971200636363145,0.941710478159181,0.99485249187848,0.990183871896321,0.971422538929442,1,300,160,140,149,8,1,1,0,3,0,138,153,4,4,139,0.946550265021603,0.906521255286,0.979937583593402,517,881.286666666667,159,141,0.936842393793127,0.99310389550372,0.939081138460323,0.99559057680495,0.935360721395838,0.939081138460323,1,1,2,"HGD/CRC","non-IBD","MVP","gemma2_9B_SPPO","Microscopic exam","0.306","0.977 (0.94 - 1.00)","0.979 (0.94 - 1.00)","0.990","0.953","0.990","0.965","0.971","0.949","0.947"
"hgd or crc","non-ibd","MVP","llama3_8B","llama3_8B",260,1000,0.26,0.902189101071262,0.852674182777891,0.948727249989695,0.993333333333333,0.978723404255319,1,0.926666666666667,0.881944444444444,0.964539007092199,0.82636518771331,0.747208001014097,0.907798350620163,0.997478665632273,0.991922288338518,1,0.26,0.26,0.26,0.870595396885337,0.806841345744355,0.931443936136273,0.904131598790119,0.854621293295036,0.950749451931611,0.998055168763018,0.993580506707237,1,300,160,140,149,0,1,0,0,11,0,139,153,4,4,139,0.946550265021603,0.906467129877071,0.979962596847449,517,881.286666666667,150,150,0.96341683225942,0.99983122885689,0.872575837873961,0.962825385218094,0.96341683225942,0.872575837873961,1,0.964539007092199,2,"HGD/CRC","non-IBD","MVP","llama3_8B","Microscopic exam","0.260","0.993 (0.96 - 1.00)","0.927 (0.87 - 0.96)","0.998","0.826","0.997","0.902","0.904","0.871","0.947"
"hgd or crc","non-ibd","MVP","either","llama3_8B",308,1000,0.308,0.964714033648917,0.930587341872289,0.992259161483735,0.976378066378066,0.934005710601455,1,0.978723404255319,0.951993103448276,1,0.95332539335422,0.900322857453673,1,0.989371802364894,0.97084338925542,1,0.308,0.308,0.308,0.948879063945081,0.900045088386578,0.988837441113579,0.971239010564951,0.942562496162889,0.994645087594263,0.989838737764366,0.97074239759311,1,300,160,140,149,8,1,1,0,3,0,138,153,4,4,139,0.946550265021603,0.906333630686887,0.979950098021743,517,881.286666666667,159,141,0.936842393793127,0.99310389550372,0.939081138460323,0.99559057680495,0.934005710601455,0.939081138460323,1,1,2,"HGD/CRC","non-IBD","MVP","either","Microscopic exam","0.308","0.976 (0.93 - 1.00)","0.979 (0.94 - 1.00)","0.990","0.953","0.989","0.965","0.971","0.949","0.947"
"hgd or crc","non-ibd","MVP","both","llama3_8B",258,1000,0.258,0.90129419487949,0.851964169834458,0.949528378852781,0.993333333333333,0.978571428571429,1,0.926666666666667,0.882758620689655,0.965753424657534,0.824864818470518,0.746602918973327,0.909806036906141,0.997504739061472,0.992005387786408,1,0.258,0.258,0.258,0.86981606844748,0.806437616724414,0.93263129113999,0.903242505489436,0.854094425580767,0.951726628830371,0.998078779839899,0.993660585571513,1,300,160,140,149,0,1,0,0,11,0,139,153,4,4,139,0.946550265021603,0.906579474175897,0.979973297730307,517,881.286666666667,150,150,0.96341683225942,0.99983122885689,0.872575837873961,0.962825385218094,0.96341683225942,0.872575837873961,1,0.965753424657534,2,"HGD/CRC","non-IBD","MVP","both","Microscopic exam","0.258","0.993 (0.96 - 1.00)","0.927 (0.87 - 0.97)","0.998","0.825","0.998","0.901","0.903","0.870","0.947"
"hgd or crc","non-ibd","MVP","BDJ","llama3_8B",NA,NA,0.300933333333333,0.981091067159313,0.955824967068736,1,1,1,1,0.983406446690826,0.960864056203906,1,0.962883959044368,0.915387685906872,1,1,1,1,0.300933333333333,0.274232142857143,0.331945833333333,0.9730911019732,0.937893657275532,1,0.981091067159313,0.955824967068736,1,1,1,1,300,160,140,148,9,0,0,1,2,1,139,153,4,4,139,0.946550265021603,0.90646702572484,0.979962596847449,517,881.286666666667,157,143,0.976777835396675,1,0.950392290274586,0.998301718172121,0.976777835396675,0.950392290274586,1,1,2,"HGD/CRC","non-IBD","MVP","BDJ","Microscopic exam","0.301","1.000 (0.98 - 1.00)","0.983 (0.95 - 1.00)","1.000","0.963","1.000","0.981","0.981","0.973","0.947"
"hgd or crc","non-ibd","MVP","AD","llama3_8B",NA,NA,0.307333333333333,0.98601849860185,0.972193116997293,0.997143328004956,0.994360086767896,0.981198379114523,1,0.989990375360924,0.979291722778009,0.997654082779034,0.977815699658703,0.953382903549017,0.994935038086605,0.997478665632273,0.99181642743626,1,0.307333333333333,0.278051607630648,0.340696750874113,0.979811950930283,0.960532764988526,0.995860276282187,0.987581957010999,0.974933297678983,0.997271487039564,0.997545269965008,0.991901886035098,1,300,160,140,145,11,1,0,4,0,0,139,153,4,4,139,0.946550265021603,0.906479625918504,0.979962596847449,517,881.286666666667,157,143,0.965024224963295,0.999838753078216,0.961654597003606,0.999822968063721,0.965024224963295,0.961654597003606,1,0.999822968063721,2,"HGD/CRC","non-IBD","MVP","AD","Microscopic exam","0.307","0.994 (0.97 - 1.00)","0.990 (0.96 - 1.00)","0.998","0.978","0.997","0.986","0.988","0.980","0.947"
"any dysplasia","non-ibd","MVP","gemma2_9B_SPPO","llama3_8B",751,838,0.89618138424821,0.992412740826559,0.981794085330486,0.999628897087419,0.9857212605415,0.965173362953703,1,0.993150684931507,0.977941176470588,1,0.999195691073632,0.99740057132271,1,0.889595226532386,0.766910146870152,1,0.89618138424821,0.89618138424821,0.89618138424821,0.932744603112632,0.85644038868051,0.996420387707047,0.940845942290485,0.864928744244909,0.999616552587388,0.888935052878747,0.762795064459141,1,300,152,148,148,3,2,1,0,1,0,145,148,5,2,145,0.953333333333333,0.91886364010484,0.986580783682233,363.5,587.79,154,146,0.953875549044398,0.998423324604395,0.962430206906615,0.999826605390855,0.953875549044398,0.962430206906615,1,1,3,"Dysplasia","non-IBD","MVP","gemma2_9B_SPPO","Microscopic exam","0.896","0.986 (0.95 - 1.00)","0.993 (0.96 - 1.00)","0.889","0.999","0.890","0.992","0.941","0.933","0.953"
"any dysplasia","non-ibd","MVP","llama3_8B","llama3_8B",750,838,0.894988066825776,0.991726676554152,0.980966308979291,0.999185848567834,0.986666666666667,0.965753424657534,1,0.973333333333333,0.94375,0.99375,0.996838853365903,0.993386662892642,0.999257350418864,0.895455812656816,0.76941885110908,1,0.894988066825776,0.894988066825776,0.894988066825776,0.925528432508592,0.84710068674177,0.992223124994425,0.944296387728563,0.86805343639011,0.999185848567834,0.897015518891656,0.769029243270338,1,300,152,148,148,0,2,0,0,4,0,146,148,5,2,145,0.953333333333333,0.913371834740116,0.986595174262735,363.5,587.79,150,150,0.952666980503664,0.99838117297016,0.933132123322511,0.992687453601992,0.952666980503664,0.933132123322511,1,0.99375,3,"Dysplasia","non-IBD","MVP","llama3_8B","Microscopic exam","0.895","0.987 (0.95 - 1.00)","0.973 (0.93 - 0.99)","0.897","0.997","0.895","0.992","0.944","0.926","0.953"
"any dysplasia","non-ibd","MVP","either","llama3_8B",753,838,0.898568019093079,0.992105222738031,0.98146014984681,0.999626358844965,0.985095174856131,0.964267629720925,1,0.993150684931507,0.977777777777778,1,0.999215754248505,0.997466777328251,1,0.882651616750401,0.758401204251966,1,0.898568019093079,0.898568019093079,0.898568019093079,0.928807356000957,0.851970836493123,0.996310908946514,0.936892444020646,0.85881937320536,0.999623931090955,0.881887178182748,0.752993722623068,1,300,152,148,148,3,2,1,0,1,0,145,148,5,2,145,0.953333333333333,0.919082939986514,0.986595174262735,363.5,587.79,154,146,0.953875549044398,0.998423324604395,0.962430206906615,0.999826605390855,0.953875549044398,0.962430206906615,1,1,3,"Dysplasia","non-IBD","MVP","either","Microscopic exam","0.899","0.985 (0.95 - 1.00)","0.993 (0.96 - 1.00)","0.882","0.999","0.883","0.992","0.937","0.929","0.953"
"any dysplasia","non-ibd","MVP","both","llama3_8B",748,838,0.892601431980907,0.991686971477712,0.980748763309959,0.99918768164341,0.986666666666667,0.96551724137931,1,0.973333333333333,0.945945945945946,0.993670886075949,0.996758625657279,0.993450077472627,0.999231138978919,0.897786280404482,0.772660635749276,1,0.892601431980907,0.892601431980907,0.892601431980907,0.92669472309887,0.847498428017654,0.992413777189201,0.945536984105904,0.87033836168569,0.99918768164341,0.899322415006773,0.772499595249896,1,300,152,148,148,0,2,0,0,4,0,146,148,5,2,145,0.953333333333333,0.913410301953819,0.98656672270866,363.5,587.79,150,150,0.952666980503664,0.99838117297016,0.933132123322511,0.992687453601992,0.952666980503664,0.933132123322511,1,0.993670886075949,3,"Dysplasia","non-IBD","MVP","both","Microscopic exam","0.893","0.987 (0.95 - 1.00)","0.973 (0.93 - 0.99)","0.899","0.997","0.898","0.992","0.946","0.927","0.953"
"any dysplasia","non-ibd","MVP","BDJ","llama3_8B",NA,NA,0.891821797931583,0.989143179356825,0.975717940991699,0.999241562381494,0.985834329449965,0.964438471282739,1,0.938373290189733,0.832005028587737,1,0.992474315683598,0.976935924946785,1,0.889322553666017,0.76198886052027,1,0.891821797931583,0.877628521710123,0.899954847448881,0.90275322521016,0.805632127405534,0.992541299626228,0.94110950708875,0.865466540411314,0.996584396426343,0.894799775470078,0.767134518545812,1,300,152,148,147,3,2,1,1,1,0,145,148,5,2,145,0.953333333333333,0.913356438283125,0.986581383906606,363.5,587.79,153,147,0.953579229214878,0.998412993837955,0.886959823593822,0.971624896879748,0.953579229214878,0.832005028587737,1,1,3,"Dysplasia","non-IBD","MVP","BDJ","Microscopic exam","0.892","0.986 (0.95 - 1.00)","0.938 (0.83 - 1.00)","0.895","0.992","0.889","0.989","0.941","0.903","0.953"
"any dysplasia","non-ibd","MVP","AD","llama3_8B",NA,NA,0.879188544152745,0.996222945381447,0.988452253845738,1,1,1,1,0.944817595153431,0.84488716536966,1,0.992474315683598,0.97716816393855,1,1,1,1,0.879188544152745,0.856552123198333,0.896981964291109,0.968352826296141,0.908592987533648,1,0.996222945381447,0.988452253845738,1,1,1,1,300,152,148,147,3,0,0,1,1,2,146,148,5,2,145,0.953333333333333,0.913410301953819,0.986401953774751,363.5,587.79,150,150,0.975707402833891,1,0.897618103976676,0.97669618980353,0.975707402833891,0.84488716536966,1,1,3,"Dysplasia","non-IBD","MVP","AD","Microscopic exam","0.879","1.000 (0.98 - 1.00)","0.945 (0.84 - 1.00)","1.000","0.992","1.000","0.996","0.996","0.968","0.953"
"hgd or crc","ibd","MVP","gemma2_9B_SPPO","llama3_8B",262,1492,0.175603217158177,0.937041351434242,0.881011758246149,0.982737273611812,0.921379238718388,0.842338660377529,0.988362782255912,0.990373757904246,0.974653445330512,1,0.953245138294664,0.884951769366735,1,0.983371543560861,0.967172496416033,0.997499850909119,0.175603217158177,0.175603217158177,0.175603217158177,0.924101220845705,0.857830953988939,0.979112900345729,0.96787892923867,0.929794362766906,0.993081282453974,0.982969027978223,0.963027462597852,0.997590196538222,300,150,150,143,4,4,2,2,1,1,143,145,3,5,147,0.946666666666667,0.906579162441628,0.97997508009968,879.5,1105.92333333333,153,147,0.867004314999183,0.958817221878485,0.962681818433414,0.999827784844445,0.842338660377529,0.962681818433414,0.988362782255912,1,2,"HGD/CRC","IBD","MVP","gemma2_9B_SPPO","Microscopic exam","0.176","0.921 (0.84 - 0.99)","0.990 (0.96 - 1.00)","0.983","0.953","0.983","0.937","0.968","0.924","0.947"
"hgd or crc","ibd","MVP","llama3_8B","llama3_8B",223,1492,0.149463806970509,0.896575627339526,0.826818263456509,0.964040251727382,0.966666666666667,0.935478069157577,0.993150684931507,0.966666666666667,0.935714285714286,0.993197278911565,0.835961737331955,0.725740714392489,0.961279098125844,0.993976879861711,0.988376009625274,0.998757518156447,0.149463806970509,0.149463806970509,0.149463806970509,0.880118955623285,0.802426338269507,0.957757708312895,0.908557087467192,0.839512260559843,0.977276404402552,0.994959922316581,0.989807881570162,0.998965961570452,300,150,150,145,0,5,0,0,5,0,145,145,3,5,147,0.946666666666667,0.90652073503475,0.979973297730307,879.5,1105.92333333333,150,150,0.923927677462653,0.989089813531089,0.923927677462653,0.989089813531089,0.923927677462653,0.923927677462653,0.993150684931507,0.993197278911565,2,"HGD/CRC","IBD","MVP","llama3_8B","Microscopic exam","0.149","0.967 (0.92 - 0.99)","0.967 (0.92 - 0.99)","0.995","0.836","0.994","0.897","0.909","0.880","0.947"
"hgd or crc","ibd","MVP","llama3.2_3B","llama3_8B",NA,NA,0.156201966041108,0.821831119802276,0.74471793060459,0.896784070542472,0.865581555008868,0.758136529563226,0.972027972027972,0.955407165778799,0.925835784048937,0.979893985153164,0.782290589451913,0.677972675442146,0.891108890628625,0.974616464995678,0.948235593294881,0.995260777103936,0.156201966041108,0.135587426452678,0.181365860143991,0.788296996306652,0.694048107902367,0.879470523977173,0.869268078318565,0.801859313250903,0.931194133688272,0.978005788769366,0.948382646785058,0.9963721998002,300,150,150,130,1,4,3,15,4,1,142,145,3,5,147,0.946666666666667,0.906533632866273,0.979982206405694,879.5,1105.92333333333,138,162,0.793370587436564,0.915026476333827,0.912999859221762,0.982453475189266,0.758136529563226,0.912999859221762,0.972027972027972,0.982453475189266,2,"HGD/CRC","IBD","MVP","llama3.2_3B","Microscopic exam","0.156","0.866 (0.76 - 0.97)","0.955 (0.91 - 0.98)","0.978","0.782","0.975","0.822","0.869","0.788","0.947"
"hgd or crc","ibd","MVP","gemma2_2B","llama3_8B",NA,NA,0.187850759606792,0.862328266498185,0.788092453870695,0.932653937041993,0.827858519064722,0.72075401513429,0.936863148876157,0.978675058731617,0.955423439422799,0.995270300990444,0.899793174767321,0.807330682884181,0.976518796290928,0.960906439066551,0.929073901906471,0.987071815559157,0.187850759606792,0.159518083324756,0.220539810544376,0.833176535287307,0.742301478934779,0.919473501589913,0.92822813812254,0.874938823330685,0.970060726922982,0.958518933282459,0.91442887242824,0.988011733134014,300,150,150,139,3,4,5,6,2,1,140,145,3,5,147,0.946666666666667,0.906616862326574,0.979982206405694,879.5,1105.92333333333,151,149,0.757976559912872,0.8843318924378,0.942288449533963,0.995828434749774,0.72075401513429,0.942288449533963,0.936863148876157,0.995828434749774,2,"HGD/CRC","IBD","MVP","gemma2_2B","Microscopic exam","0.188","0.828 (0.72 - 0.94)","0.979 (0.94 - 1.00)","0.959","0.900","0.961","0.862","0.928","0.833","0.947"
"hgd or crc","ibd","MVP","llama3_8B_full","llama3_8B",NA,NA,0.141005201324766,0.854445703785428,0.774517791548071,0.925068646972195,0.923065345286099,0.817138319090911,0.99117940776106,0.961005413257749,0.934333443588435,0.982121669260035,0.795322334311498,0.68669011531673,0.898502324719469,0.987029081734565,0.966204800247706,0.998548483240378,0.141005201324766,0.12218073109494,0.164437196229798,0.831657387288597,0.74024687428934,0.913606378301894,0.881743609732167,0.811182498432611,0.941246574835224,0.98923591263027,0.967861048044657,0.998924288506893,237,112,125,94,1,3,1,15,2,2,119,107,3,4,123,0.940658868977358,0.895923296494181,0.98265388274903,4895,5199.82700421941,99,138,0.846973020019854,0.964466483739924,0.917473668118957,0.988132757742082,0.817138319090911,0.917473668118957,0.99117940776106,0.988132757742082,2,"HGD/CRC","IBD","MVP","llama3_8B_full","Full pathology report","0.141","0.923 (0.82 - 0.99)","0.961 (0.92 - 0.99)","0.989","0.795","0.987","0.854","0.882","0.832","0.941"
"hgd or crc","ibd","MVP","gemma2_9B_SPPO_full","llama3_8B",NA,NA,0.197868305760806,0.867103326353601,0.783614526616794,0.944752079870883,0.792134106747371,0.672321680960448,0.921072079576349,0.991379310344828,0.971698113207547,1,0.957746441849441,0.869857875625173,1,0.950821752105282,0.911148487689536,0.983724755970132,0.197868305760806,0.164651953274607,0.234517426273458,0.843727070981341,0.745651814291513,0.935114362478634,0.949616227460782,0.897382470643026,0.986099993072747,0.941622884349792,0.879412274436099,0.982745718357035,237,112,125,109,2,5,5,0,1,0,115,107,3,4,123,0.940658868977358,0.896968464045174,0.982789920848159,4895,5199.82700421941,121,116,0.710291573218368,0.861604632238847,0.952904463773353,0.999781766850937,0.672321680960448,0.952904463773353,0.921072079576349,1,2,"HGD/CRC","IBD","MVP","gemma2_9B_SPPO_full","Full pathology report","0.198","0.792 (0.67 - 0.92)","0.991 (0.95 - 1.00)","0.942","0.958","0.951","0.867","0.950","0.844","0.941"
"hgd or crc","ibd","MVP","either","llama3_8B",267,1492,0.178954423592493,0.938125814679896,0.879614464251482,0.986744056403932,0.911610486891386,0.827664399092971,0.983560817434583,0.993055555555556,0.977607732016609,1,0.966229813698842,0.89601746091395,1,0.980969170100362,0.963568466058451,0.996382097652029,0.178954423592493,0.178954423592493,0.178954423592493,0.925688260746235,0.857166563947969,0.984028837618905,0.973060782543137,0.933517029279398,0.997080479563677,0.979989025082522,0.957963168078876,0.996463352862975,300,150,150,145,4,5,2,0,1,0,143,145,3,5,147,0.946666666666667,0.906629318394024,0.979982206405694,879.5,1105.92333333333,156,144,0.854010045550688,0.950064885505218,0.961916667170217,0.999824197344096,0.827664399092971,0.961916667170217,0.983560817434583,1,2,"HGD/CRC","IBD","MVP","either","Microscopic exam","0.179","0.912 (0.83 - 0.98)","0.993 (0.96 - 1.00)","0.980","0.966","0.981","0.938","0.973","0.926","0.947"
"hgd or crc","ibd","MVP","both","llama3_8B",218,1492,0.146112600536193,0.891601516414718,0.821786683773669,0.959329103374165,0.972789115646258,0.943258086836188,0.993630573248408,0.9641810570382,0.933022754325737,0.99017646075451,0.822921643731473,0.712474307550243,0.944161969152283,0.995194053854154,0.990006241057219,0.998869647349777,0.146112600536193,0.146112600536193,0.146112600536193,0.875528415554099,0.798662906903951,0.952491132494974,0.901257598172316,0.831046255027289,0.969217326434238,0.996076603110689,0.991536879523105,0.999138017770716,300,150,150,143,0,4,0,2,5,1,145,145,3,5,147,0.946666666666667,0.906616862326574,0.97997508009968,879.5,1105.92333333333,147,153,0.931796587877617,0.992537232741818,0.9253865269048,0.989305433211922,0.931796587877617,0.9253865269048,0.993630573248408,0.99017646075451,2,"HGD/CRC","IBD","MVP","both","Microscopic exam","0.146","0.973 (0.93 - 0.99)","0.964 (0.93 - 0.99)","0.996","0.823","0.995","0.892","0.901","0.876","0.947"
"hgd or crc","ibd","MVP","either_small","llama3_8B",NA,NA,0.199499553172475,0.862111175115207,0.786749266306521,0.935055323455872,0.804492922415338,0.696138522451109,0.919106179348518,0.984588505849781,0.962021459060008,1,0.928619441571871,0.836959353274723,1,0.95284680207433,0.917538712356305,0.982695807924949,0.199499553172475,0.169508206729552,0.233992327696957,0.833995589019411,0.742754904682229,0.922640644177361,0.937598555690897,0.886359707963811,0.978742824139568,0.94675300898972,0.893978817837509,0.982801254434238,300,150,150,144,3,5,6,1,2,0,139,145,3,5,147,0.946666666666667,0.906633469678108,0.979982206405694,879.5,1105.92333333333,158,142,0.733218572914288,0.862625717505003,0.95004936694514,0.998289726288333,0.696138522451109,0.95004936694514,0.919106179348518,1,2,"HGD/CRC","IBD","MVP","either_small","Microscopic exam","0.199","0.804 (0.70 - 0.92)","0.985 (0.95 - 1.00)","0.947","0.929","0.953","0.862","0.938","0.834","0.947"
"hgd or crc","ibd","MVP","both_small","llama3_8B",NA,NA,0.144553172475424,0.820599456575298,0.743806138468268,0.896263271782667,0.9008685975704,0.796938313903111,0.990994977278163,0.950190390130008,0.920713365401195,0.974687211904227,0.753464322647363,0.650079593664732,0.861750412617339,0.9826761019879,0.960469785156533,0.998616104887095,0.144553172475424,0.125714102422956,0.167919254216102,0.791516850481046,0.700609160769396,0.880395739884473,0.854257975222058,0.78370721453189,0.919079165662854,0.986183286886679,0.964102476232226,0.998971714965904,300,150,150,125,1,3,2,20,4,2,143,145,3,5,147,0.946666666666667,0.906467129877071,0.979973297730307,879.5,1105.92333333333,131,169,0.836281324050608,0.946094574413807,0.908859619820584,0.979344464539645,0.796938313903111,0.908859619820584,0.990994977278163,0.979344464539645,2,"HGD/CRC","IBD","MVP","both_small","Microscopic exam","0.145","0.901 (0.80 - 0.99)","0.950 (0.91 - 0.98)","0.986","0.753","0.983","0.821","0.854","0.792","0.947"
"hgd or crc","ibd","MVP","either_full","llama3_8B",NA,NA,0.197868305760806,0.867103326353601,0.784290358100337,0.943847659444525,0.792134106747371,0.673477125473375,0.917508382027247,0.991379310344828,0.971698113207547,1,0.957746441849441,0.870485215596957,1,0.950821752105282,0.911463400512177,0.982673268937939,0.197868305760806,0.164517544900235,0.235232162570122,0.843727070981341,0.747935776664699,0.934609704279044,0.949616227460782,0.898101973373486,0.986512297607983,0.941622884349792,0.88015601033942,0.982736968401851,237,112,125,109,2,5,5,0,1,0,115,107,3,4,123,0.940658868977358,0.890305123366682,0.982788671023965,4895,5199.82700421941,121,116,0.710291573218368,0.861604632238847,0.952904463773353,0.999781766850937,0.673477125473375,0.952904463773353,0.917508382027247,1,2,"HGD/CRC","IBD","MVP","either_full","Full pathology report","0.198","0.792 (0.67 - 0.92)","0.991 (0.95 - 1.00)","0.942","0.958","0.951","0.867","0.950","0.844","0.941"
"hgd or crc","ibd","MVP","both_full","llama3_8B",NA,NA,0.141005201324766,0.854445703785428,0.774684988109813,0.924725599652315,0.923065345286099,0.822846649177236,0.990828923800486,0.961005413257749,0.933456806532327,0.981543751710763,0.795322334311498,0.684571071511306,0.896226902913443,0.987029081734565,0.967301753407779,0.998498647934258,0.141005201324766,0.122417975232989,0.1648972103158,0.831657387288597,0.739971339076167,0.913112519584659,0.881743609732167,0.809287702840691,0.940507247921938,0.98923591263027,0.969239760474142,0.998873776897109,237,112,125,94,1,3,1,15,2,2,119,107,3,4,123,0.940658868977358,0.890273674749909,0.982789920848159,4895,5199.82700421941,99,138,0.846973020019854,0.964466483739924,0.917473668118957,0.988132757742082,0.822846649177236,0.917473668118957,0.990828923800486,0.988132757742082,2,"HGD/CRC","IBD","MVP","both_full","Full pathology report","0.141","0.923 (0.82 - 0.99)","0.961 (0.92 - 0.99)","0.989","0.795","0.987","0.854","0.882","0.832","0.941"
"hgd or crc","ibd","MVP","BDJ","llama3_8B",NA,NA,0.166166219839142,0.968577002161649,0.928180588591244,0.994211057064356,0.988006883941056,0.968384932653628,1,0.989614815767475,0.973427189117505,0.998891978177684,0.94989658738366,0.877346546483738,0.994708680848035,0.997590751944685,0.993755515894871,1,0.166166219839142,0.146487017337159,0.190878134293146,0.962436586548168,0.915406656073248,0.993039697060922,0.973215184828445,0.933755218552296,0.996885082724277,0.997707470819032,0.993885172078016,1,300,150,150,142,4,2,0,3,1,3,145,145,3,5,147,0.946666666666667,0.906562847608454,0.97997508009968,879.5,1105.92333333333,148,152,0.952038634343354,0.998359240519883,0.953279078027776,0.998402526798388,0.952038634343354,0.953279078027776,1,0.998891978177684,2,"HGD/CRC","IBD","MVP","BDJ","Microscopic exam","0.166","0.988 (0.95 - 1.00)","0.990 (0.95 - 1.00)","0.998","0.950","0.998","0.969","0.973","0.962","0.947"
"hgd or crc","ibd","MVP","AD","llama3_8B",NA,NA,0.177506702412869,0.980970844068056,0.942566502778972,1,0.968056184866334,0.898059689677775,1,0.99878853069961,0.996055710284825,1,0.994234746639089,0.980235769116215,1,0.993144987035437,0.977736255970219,1,0.177506702412869,0.153130291396637,0.206485065496719,0.977058277565942,0.93233478173863,1,0.993601662253888,0.982313819056242,1,0.99296938359549,0.975531971594697,1,300,150,150,144,5,0,1,1,0,5,144,145,3,5,147,0.946666666666667,0.906521255286,0.979964604037202,879.5,1105.92333333333,150,150,0.923927677462653,0.989089813531089,0.975707402833891,1,0.898059689677775,0.975707402833891,1,1,2,"HGD/CRC","IBD","MVP","AD","Microscopic exam","0.178","0.968 (0.90 - 1.00)","0.999 (0.98 - 1.00)","0.993","0.994","0.993","0.981","0.994","0.977","0.947"
"any dysplasia","ibd","MVP","gemma2_9B_SPPO","llama3_8B",252,963,0.261682242990654,0.968626379966008,0.939728531228749,0.994344751984432,0.95701502077341,0.918367346938775,0.993895180023229,0.993262249591363,0.978260869565217,1,0.980522958409977,0.939771670986745,1,0.984893186610367,0.971743135497726,0.997834414552969,0.261682242990654,0.261682242990654,0.261682242990654,0.957816798274083,0.919165874244559,0.992384790993431,0.982572432637257,0.959859670610799,0.997988244664053,0.984630492369768,0.970024290705379,0.997882392961429,300,148,152,146,1,3,1,0,1,1,147,139,12,0,149,0.920039091999467,0.873524451939292,0.960008886914019,744.5,912.58,151,149,0.915521979739931,0.985280546135213,0.963175065629116,0.999830096260884,0.915521979739931,0.963175065629116,0.993895180023229,1,3,"Dysplasia","IBD","MVP","gemma2_9B_SPPO","Microscopic exam","0.262","0.957 (0.92 - 0.99)","0.993 (0.96 - 1.00)","0.985","0.981","0.985","0.969","0.983","0.958","0.920"
"any dysplasia","ibd","MVP","llama3_8B","llama3_8B",242,963,0.251298026998962,0.967019733420916,0.935062021605291,0.993006993006993,0.973333333333333,0.944827586206897,0.993630573248408,0.986666666666667,0.965753424657534,1,0.960787512916735,0.905147131745604,1,0.991010067238753,0.981588446092862,0.99783922783646,0.251298026998962,0.251298026998962,0.251298026998962,0.955889992075065,0.913671369747274,0.990724710854524,0.975777292640557,0.945887108843878,0.997641877143748,0.991242213059442,0.981514728940257,0.997952011830366,300,148,152,146,0,4,0,0,2,0,148,139,12,0,149,0.920039091999467,0.873434585664801,0.96,744.5,912.58,150,150,0.933132123322511,0.992687453601992,0.952666980503664,0.99838117297016,0.933132123322511,0.952666980503664,0.993630573248408,1,3,"Dysplasia","IBD","MVP","llama3_8B","Microscopic exam","0.251","0.973 (0.93 - 0.99)","0.987 (0.95 - 1.00)","0.991","0.961","0.991","0.967","0.976","0.956","0.920"
"any dysplasia","ibd","MVP","llama3.2_3B","llama3_8B",NA,NA,0.179224645205954,0.787833330673603,0.725468100407679,0.844588601302179,0.953455135385685,0.888121981391573,1,0.898027175884144,0.87072180954626,0.922742312823882,0.671235111763746,0.591260231344491,0.750327977138498,0.988809019651547,0.971426087128349,1,0.179224645205954,0.159048485592467,0.200498307597564,0.749677198904689,0.679439457935716,0.814461252015638,0.800978436240468,0.741132404105698,0.854334420251311,0.992895668582385,0.980495793807309,1,300,148,152,102,0,2,1,44,2,2,147,139,12,0,149,0.920039091999467,0.873434585664801,0.959971535314001,744.5,912.58,105,195,0.892365434213939,0.984359707860826,0.846047575812267,0.936217319907332,0.888121981391573,0.846047575812267,1,0.936217319907332,3,"Dysplasia","IBD","MVP","llama3.2_3B","Microscopic exam","0.179","0.953 (0.89 - 1.00)","0.898 (0.85 - 0.94)","0.993","0.671","0.989","0.788","0.801","0.750","0.920"
"any dysplasia","ibd","MVP","gemma2_2B","llama3_8B",NA,NA,0.244458290065767,0.899564409177926,0.851558994549729,0.942366947771642,0.918186452197553,0.84698770639996,0.979166666666667,0.960133042569957,0.938330320457766,0.979051301174199,0.881682710610758,0.81920648474114,0.93767663835668,0.973169508525577,0.946450215332463,0.993443415919473,0.244458290065767,0.222830237192663,0.269174086425113,0.866506416140533,0.80156714795612,0.923978265891703,0.926091618402202,0.890200794248853,0.957231995449663,0.975211413085338,0.94623398003402,0.994368199262729,300,148,152,131,1,3,3,15,1,1,145,139,12,0,149,0.920039091999467,0.873096446700508,0.96,744.5,912.58,138,162,0.861852958377484,0.959537439846228,0.92113178192359,0.986288845938963,0.84698770639996,0.92113178192359,0.979166666666667,0.986288845938963,3,"Dysplasia","IBD","MVP","gemma2_2B","Microscopic exam","0.244","0.918 (0.85 - 0.98)","0.960 (0.92 - 0.99)","0.975","0.882","0.973","0.900","0.926","0.867","0.920"
"any dysplasia","ibd","MVP","llama3_8B_full","llama3_8B",NA,NA,0.244909094109157,0.974752745568109,0.943297432090348,0.99601593625498,0.991304347826087,0.971698113207547,1,0.986164701331615,0.965488173036003,1,0.958744783573967,0.901744448716042,1,0.997148206394983,0.990804594117532,1,0.244909094109157,0.236877307148871,0.251298026998962,0.966620821212466,0.925658539722002,0.994713717382501,0.97763264866131,0.947230361637348,0.998583682791766,0.997279674937,0.991010476204036,1,239,117,122,114,0,1,0,2,1,1,120,114,4,0,121,0.966507847533632,0.932609615113492,0.991631359641444,4577,4849.5690376569,115,124,0.952503053115005,0.999779869380264,0.942951027861353,0.998040695843083,0.952503053115005,0.942951027861353,1,1,3,"Dysplasia","IBD","MVP","llama3_8B_full","Full pathology report","0.245","0.991 (0.95 - 1.00)","0.986 (0.94 - 1.00)","0.997","0.959","0.997","0.975","0.978","0.967","0.967"
"any dysplasia","ibd","MVP","gemma2_9B_SPPO_full","llama3_8B",NA,NA,0.255356002313939,0.971479774661648,0.934454090586708,1,0.967428751105076,0.913361675568961,1,0.991690499579925,0.972972972972973,1,0.975564867496317,0.924495541170671,1,0.988862402955067,0.96875,1,0.255356002313939,0.24521823602318,0.270167216161323,0.961769598695816,0.911898824998401,1,0.982168462058881,0.953383700849913,1,0.988862065298499,0.967049962079462,1,239,117,122,116,0,1,1,0,1,1,119,114,4,0,121,0.966507847533632,0.931986340352874,0.991629645056423,4577,4849.5690376569,118,121,0.91547948470471,0.990688035050409,0.954813885479217,0.999790783806246,0.913361675568961,0.954813885479217,1,1,3,"Dysplasia","IBD","MVP","gemma2_9B_SPPO_full","Full pathology report","0.255","0.967 (0.91 - 1.00)","0.992 (0.95 - 1.00)","0.989","0.976","0.989","0.971","0.982","0.962","0.967"
"any dysplasia","ibd","MVP","either","llama3_8B",254,963,0.263759086188993,0.963574519211255,0.932993376080049,0.993441411364582,0.947244094488189,0.903543307086614,0.993288590604027,0.993243243243243,0.97841726618705,1,0.980477892383349,0.939718325473389,1,0.981326890520516,0.966364558923252,0.997585507892617,0.263759086188993,0.263759086188993,0.263759086188993,0.951086336612305,0.910351773615968,0.991151815559758,0.98064512299172,0.957972105536084,0.997640447400678,0.980812410655629,0.963771020763394,0.997622752133927,300,148,152,146,1,4,1,0,1,0,147,139,12,0,149,0.920039091999467,0.873096446700508,0.96,744.5,912.58,152,148,0.898930262898741,0.97700651228527,0.962930082557027,0.999828948360836,0.898930262898741,0.962930082557027,0.993288590604027,1,3,"Dysplasia","IBD","MVP","either","Microscopic exam","0.264","0.947 (0.90 - 0.99)","0.993 (0.96 - 1.00)","0.981","0.980","0.981","0.964","0.981","0.951","0.920"
"any dysplasia","ibd","MVP","both","llama3_8B",240,963,0.249221183800623,0.970201916813308,0.937662345390896,0.996390538669565,0.979865771812081,0.954838709677419,1,0.986703550023052,0.965131687123388,1,0.960726818352807,0.902987062819152,1,0.993271946909182,0.985039806037114,1,0.249221183800623,0.249221183800623,0.249221183800623,0.960263474037639,0.917056368459031,0.995209604480562,0.976833594524771,0.945788435973146,0.998798942448929,0.993489646018174,0.985170393024604,1,300,148,152,146,0,3,0,0,2,1,148,139,12,0,149,0.920039091999467,0.873524451939292,0.96,744.5,912.58,149,151,0.942288449533963,0.995828434749774,0.952975020703418,0.998391920771407,0.942288449533963,0.952975020703418,1,1,3,"Dysplasia","IBD","MVP","both","Microscopic exam","0.249","0.980 (0.94 - 1.00)","0.987 (0.95 - 1.00)","0.993","0.961","0.993","0.970","0.977","0.960","0.920"
"any dysplasia","ibd","MVP","either_small","llama3_8B",NA,NA,0.25447559709242,0.901608801490487,0.853107015593618,0.944808505718188,0.901792758236078,0.828439419178443,0.969768300177235,0.966338876972077,0.94520774047835,0.983745227787817,0.901424919780279,0.84199492429085,0.952036165654359,0.966473494557747,0.937061845571358,0.990540569403595,0.25447559709242,0.231557260910434,0.28000554883898,0.868015016940281,0.802041419946782,0.9268850472044,0.933330828469213,0.899326217090823,0.96152607055935,0.967578231700029,0.934037475672831,0.991292116655545,300,148,152,134,1,3,4,12,1,1,144,139,12,0,149,0.920039091999467,0.873333333333333,0.959951942330797,744.5,912.58,142,158,0.840114083406185,0.945043452451392,0.927697492175564,0.989646463267774,0.828439419178443,0.927697492175564,0.969768300177235,0.989646463267774,3,"Dysplasia","IBD","MVP","either_small","Microscopic exam","0.254","0.902 (0.83 - 0.97)","0.966 (0.93 - 0.99)","0.968","0.901","0.966","0.902","0.933","0.868","0.920"
"any dysplasia","ibd","MVP","both_small","llama3_8B",NA,NA,0.169207338179301,0.782736539466806,0.720745382555449,0.838951482873733,0.98019801980198,0.948979591836735,1,0.893207119525365,0.866270881094289,0.917506523458333,0.651492902594224,0.571632388081279,0.730409075254353,0.995505033619377,0.988407957190955,1,0.169207338179301,0.150028672835201,0.187678273328338,0.751725563369468,0.689894263795664,0.810189107126425,0.788141083180629,0.727041546830463,0.843285110051951,0.99732657243266,0.992712817259799,1,300,148,152,99,0,2,0,47,2,2,148,139,12,0,149,0.920039091999467,0.873434585664801,0.959987551682746,744.5,912.58,101,199,0.930294910205076,0.997592827090742,0.843220104662363,0.933479968565833,0.930294910205076,0.843220104662363,1,0.933479968565833,3,"Dysplasia","IBD","MVP","both_small","Microscopic exam","0.169","0.980 (0.93 - 1.00)","0.893 (0.84 - 0.93)","0.997","0.651","0.996","0.783","0.788","0.752","0.920"
"any dysplasia","ibd","MVP","either_full","llama3_8B",NA,NA,0.25748564661054,0.967428751105076,0.92952650497547,0.99601593625498,0.959427221119696,0.901394062947954,1,0.991666666666667,0.97296683046683,1,0.975564867496317,0.924933200529395,1,0.98601060935005,0.964357265102811,1,0.25748564661054,0.251298026998962,0.271533215458449,0.956320322211045,0.90528315208869,0.994699857282406,0.980702975379895,0.951500736111417,0.998659220353257,0.985895492629995,0.96163069676545,1,239,117,122,116,0,2,1,0,1,0,119,114,4,0,121,0.966507847533632,0.932390381895332,0.991631359641444,4577,4849.5690376569,119,120,0.904669070262353,0.986218604809877,0.954444486766407,0.999789040521878,0.901394062947954,0.954444486766407,1,1,3,"Dysplasia","IBD","MVP","either_full","Full pathology report","0.257","0.959 (0.90 - 1.00)","0.992 (0.95 - 1.00)","0.986","0.976","0.986","0.967","0.981","0.956","0.967"
"any dysplasia","ibd","MVP","both_full","llama3_8B",NA,NA,0.242779449812556,0.978937931693808,0.94837323376603,1,1,1,1,0.986203612405665,0.965259412478917,1,0.958744783573967,0.901815419944161,1,1,1,1,0.242779449812556,0.233507016237973,0.249319302376923,0.972377277056459,0.933115633058485,1,0.978937931693808,0.94837323376603,1,1,1,1,239,117,122,114,0,0,0,2,1,2,120,114,4,0,121,0.966507847533632,0.932502078101464,0.991631359641444,4577,4849.5690376569,114,125,0.968159345916526,1,0.943397880380245,0.998056418197631,0.968159345916526,0.943397880380245,1,1,3,"Dysplasia","IBD","MVP","both_full","Full pathology report","0.243","1.000 (0.97 - 1.00)","0.986 (0.94 - 1.00)","1.000","0.959","1.000","0.979","0.979","0.972","0.967"
"any dysplasia","ibd","MVP","BDJ","llama3_8B",NA,NA,0.262921426098996,0.983880245608872,0.960094610330883,1,0.968271939756181,0.923251884140875,1,1,1,1,1,1,1,0.988809019651547,0.971911811539552,1,0.262921426098996,0.247924899119781,0.28238180384024,0.978486600575814,0.947523760432183,1,0.99418971230796,0.984616121200378,1,0.988446553464128,0.969698398564849,1,300,148,152,146,2,2,1,0,0,2,147,139,12,0,149,0.920039091999467,0.873333333333333,0.96,744.5,912.58,151,149,0.924420255919572,0.989162646407954,0.97554637509441,1,0.923251884140875,0.97554637509441,1,1,3,"Dysplasia","IBD","MVP","BDJ","Microscopic exam","0.263","0.968 (0.92 - 1.00)","1.000 (0.98 - 1.00)","0.988","1.000","0.989","0.984","0.994","0.978","0.920"
"any dysplasia","ibd","MVP","AD","llama3_8B",NA,NA,0.239501557632399,0.969482976040353,0.947681381624088,0.987267624183715,1,1,1,0.980173685072915,0.967149824230092,0.991509531867802,0.940773372491434,0.900565061876657,0.974855398881879,1,1,1,0.239501557632399,0.222525039419082,0.258755966859923,0.960271473768436,0.933221894505593,0.983118513724414,0.969482976040353,0.947681381624088,0.987267624183715,1,1,1,300,148,152,137,2,0,0,9,0,4,148,139,12,0,149,0.920039091999467,0.873434585664801,0.959987551682746,744.5,912.58,139,161,0.973810355565794,1,0.946512645740259,0.996140707381096,0.973810355565794,0.946512645740259,1,0.996140707381096,3,"Dysplasia","IBD","MVP","AD","Microscopic exam","0.240","1.000 (0.97 - 1.00)","0.980 (0.95 - 1.00)","1.000","0.941","1.000","0.969","0.969","0.960","0.920"
"hgd or crc","ibd","CDW","gemma2_9B_SPPO","llama3_8B",219,1000,0.219,0.951288946415089,0.88434079688779,0.995988538681948,0.940627500823801,0.82248270018359,1,0.989636683738796,0.965693849618085,1,0.96219484484733,0.884911484511285,1,0.98345536165571,0.952202349743176,1,0.219,0.219,0.219,0.93792564643153,0.855225914479181,0.994882550967949,0.972610842164509,0.928597919024043,0.998871890800796,0.98325481891282,0.94531946484551,1,200,99,101,95,3,2,1,0,1,3,95,97,0,3,100,0.97,0.929943955164131,1,698,1044.285,101,99,0.875173563355667,0.977889427590582,0.94500317680057,0.999744297263334,0.82248270018359,0.94500317680057,1,1,2,"HGD/CRC","IBD","CDW","gemma2_9B_SPPO","Microscopic exam","0.219","0.941 (0.82 - 1.00)","0.990 (0.95 - 1.00)","0.983","0.962","0.983","0.951","0.973","0.938","0.970"
"hgd or crc","ibd","CDW","llama3_8B","llama3_8B",186,1000,0.186,0.894095026058797,0.817956709017895,0.963465769739839,0.95,0.903225806451613,0.989473684210526,0.96,0.917525773195876,0.990654205607477,0.844404090604989,0.724506558514319,0.95901309164149,0.988238864860763,0.977544072381308,0.99750250401219,0.186,0.186,0.186,0.870462572126932,0.780324480365362,0.955127889772522,0.911401625295547,0.836224548009282,0.975370997002371,0.989946964980708,0.979340042205927,0.997895873472239,200,99,101,95,0,5,0,0,4,0,96,97,0,3,100,0.97,0.93,1,698,1044.285,100,100,0.887165088894537,0.983568120817948,0.90074284328734,0.988995506013812,0.887165088894537,0.90074284328734,0.989473684210526,0.990654205607477,2,"HGD/CRC","IBD","CDW","llama3_8B","Microscopic exam","0.186","0.950 (0.89 - 0.99)","0.960 (0.90 - 0.99)","0.990","0.844","0.988","0.894","0.911","0.870","0.970"
"hgd or crc","ibd","CDW","either","llama3_8B",223,1000,0.223,0.936873733089895,0.861624719661964,0.98747936158503,0.91322869955157,0.78862709576747,0.983677130044843,0.989583333333333,0.966292134831461,1,0.961775731278963,0.883747806726772,1,0.975452145162186,0.942184892646568,0.995291200836215,0.223,0.223,0.223,0.919859013330975,0.828085046287845,0.984070478348189,0.968067907194575,0.922974724674692,0.996374192354161,0.974442955238191,0.931107082419836,0.995444517077954,200,99,101,95,3,5,1,0,1,0,95,97,0,3,100,0.97,0.93,1,698,1044.285,104,96,0.842072180646751,0.95966298628643,0.943325293011685,0.999736307606449,0.78862709576747,0.943325293011685,0.983677130044843,1,2,"HGD/CRC","IBD","CDW","either","Microscopic exam","0.223","0.913 (0.79 - 0.98)","0.990 (0.94 - 1.00)","0.974","0.962","0.975","0.937","0.968","0.920","0.970"
"hgd or crc","ibd","CDW","both","llama3_8B",182,1000,0.182,0.907556285286565,0.835129151479747,0.975217682518419,0.979381443298969,0.947368421052632,1,0.960195599022005,0.918766528616337,0.990699906313553,0.845546235583168,0.727945178605793,0.95908325911802,0.995245042303448,0.987956156968641,1,0.182,0.182,0.182,0.888812793610656,0.805012410025402,0.969986002298685,0.91465030096425,0.841060759645766,0.977932690738678,0.996055016761963,0.989624953109963,1,200,99,101,95,0,2,0,0,4,3,96,97,0,3,100,0.97,0.930041974815111,1,698,1044.285,97,103,0.927497850073609,0.997493170236183,0.903545521623496,0.989319067210169,0.927497850073609,0.903545521623496,1,0.990699906313553,2,"HGD/CRC","IBD","CDW","both","Microscopic exam","0.182","0.979 (0.93 - 1.00)","0.960 (0.90 - 0.99)","0.996","0.846","0.995","0.908","0.915","0.889","0.970"
"hgd or crc","ibd","CDW","BDJ","llama3_8B",NA,NA,0.19298,0.959526650755768,0.900433974769847,1,1,1,1,0.979827017917771,0.947499019305283,1,0.922202045302494,0.818899415085383,1,1,1,1,0.19298,0.17298,0.22052586922964,0.950577971534378,0.881072706687529,1,0.959526650755768,0.900433974769847,1,1,1,1,200,99,101,95,2,0,0,0,2,5,96,97,0,3,100,0.97,0.929943955164131,1,698,1044.285,97,103,0.962684363091264,1,0.931614068099619,0.997639742062891,0.962684363091264,0.931614068099619,1,1,2,"HGD/CRC","IBD","CDW","BDJ","Microscopic exam","0.193","1.000 (0.96 - 1.00)","0.980 (0.93 - 1.00)","1.000","0.922","1.000","0.960","0.960","0.951","0.970"
"hgd or crc","ibd","CDW","AD","llama3_8B",NA,NA,0.21112,0.995575431752224,0.984821282846418,1,0.99118984463812,0.970096463022508,1,1,1,1,1,1,1,0.997647772972153,0.992326603778299,1,0.21112,0.182388054666703,0.246671289660177,0.99441356642789,0.981287428545466,1,0.998812047895457,0.996035730674397,1,0.99762691490235,0.992102768103009,1,200,99,101,95,4,1,0,0,0,4,96,97,0,3,100,0.97,0.93,1,698,1044.285,100,100,0.945540614607919,0.999746853967023,0.963783307354824,1,0.945540614607919,0.963783307354824,1,1,2,"HGD/CRC","IBD","CDW","AD","Microscopic exam","0.211","0.991 (0.95 - 1.00)","1.000 (0.96 - 1.00)","0.998","1.000","0.998","0.996","0.999","0.994","0.970"
"invasive crc","ibd","CDW","gemma2_9B_SPPO","llama3_8B",186,700,0.265714285714286,0.912839558476125,0.871104172065502,0.966085635587341,0.91578947368421,0.886247877758913,0.990291262135922,0.96718812038434,0.934227592327121,0.991439688715953,0.909908586615501,0.835208741029502,0.97505998111643,0.96945549237267,0.959002227229424,0.996402622436972,0.265714285714286,0.265714285714286,0.265714285714286,0.881168984233605,0.823223554513074,0.953899847431966,0.939280722961578,0.897964351401683,0.976095074081114,0.970612397480705,0.959089906081556,0.996770012562996,200,98,102,93,0,2,2,3,2,2,96,93,1,8,98,0.910053967619428,0.849458048976315,0.96,850,1293.32,97,103,0.843947303197334,0.963719750179837,0.917235057389162,0.993952721469058,0.843947303197334,0.917235057389162,0.990291262135922,0.993952721469058,1,"CRC","IBD","CDW","gemma2_9B_SPPO","Microscopic exam","0.266","0.916 (0.84 - 0.99)","0.967 (0.92 - 0.99)","0.971","0.910","0.969","0.913","0.939","0.881","0.910"
"invasive crc","ibd","CDW","llama3_8B","llama3_8B",1003,3825,0.262222222222222,0.952252858103564,0.906829534653265,0.989583333333333,0.96,0.916666666666667,0.990566037735849,0.98,0.947368421052632,1,0.944629753168779,0.866429200088808,1,0.985700436257877,0.970613075773654,0.996609661340895,0.262222222222222,0.262222222222222,0.262222222222222,0.935152596136618,0.87399262344071,0.98603066559287,0.964969175133305,0.921941256522329,0.996272664097542,0.986203753244952,0.970333123821496,0.996864537386406,200,98,102,96,0,4,0,0,2,0,98,93,1,8,98,0.910053967619428,0.849819783740489,0.96,850,1293.32,100,100,0.90074284328734,0.988995506013812,0.92961606752893,0.997568663176057,0.90074284328734,0.92961606752893,0.990566037735849,1,1,"CRC","IBD","CDW","llama3_8B","Microscopic exam","0.262","0.960 (0.90 - 0.99)","0.980 (0.93 - 1.00)","0.986","0.945","0.986","0.952","0.965","0.935","0.910"
"invasive crc","ibd","CDW","either","llama3_8B",197,700,0.281428571428571,0.892533433364448,0.851621206462217,0.972138416250351,0.847918781725888,0.811875096139056,0.979381443298969,0.979591836734694,0.947368421052632,1,0.942103785008218,0.864474954156292,1,0.942681645038818,0.929987064497874,0.991834056997013,0.281428571428571,0.281428571428571,0.281428571428571,0.855668942069966,0.796520071225573,0.961310832158049,0.940011788270383,0.90186420289224,0.981519032485224,0.937929061750517,0.920257558903779,0.992270312984705,200,98,102,96,0,4,2,0,2,0,96,93,1,8,98,0.910053967619428,0.849094567404427,0.96,850,1293.32,102,98,0.757798863652655,0.907597534869775,0.928217942829897,0.997518850121267,0.757798863652655,0.928217942829897,0.979381443298969,1,1,"CRC","IBD","CDW","either","Microscopic exam","0.281","0.848 (0.76 - 0.98)","0.980 (0.93 - 1.00)","0.938","0.942","0.943","0.893","0.940","0.856","0.910"
"invasive crc","ibd","CDW","both","llama3_8B",174,700,0.248571428571429,0.943075690245502,0.898069451721938,0.980798087380614,0.978947368421053,0.945652173913043,1,0.96787072243346,0.93574141380253,0.991634980988593,0.909739985945186,0.833874488530689,0.975336322869955,0.992856043110085,0.981744390438446,1,0.248571428571429,0.248571428571429,0.248571428571429,0.924442669419243,0.865015550275997,0.97456260398691,0.949808771493913,0.906899270818921,0.984862671264414,0.993569774456802,0.983097115836532,1,200,98,102,93,0,2,0,3,2,2,98,93,1,8,98,0.910053967619428,0.848942598187311,0.96001199640108,850,1293.32,95,105,0.926013452571173,0.997440182013938,0.918768067231607,0.994068678042113,0.926013452571173,0.918768067231607,1,0.994068678042113,1,"CRC","IBD","CDW","both","Microscopic exam","0.249","0.979 (0.93 - 1.00)","0.968 (0.92 - 0.99)","0.994","0.910","0.993","0.943","0.950","0.924","0.910"
"invasive crc","ibd","CDW","BDJ","llama3_8B",NA,NA,0.256,0.979925144607009,0.958026985119161,0.995473080132731,1,1,1,0.985902031063321,0.971491283367237,0.996730068903892,0.960640426951301,0.919435504986395,0.990986961568203,1,1,1,0.256,0.233663366336634,0.281675832998796,0.973189266305801,0.945232148286276,0.993812236923746,0.979925144607009,0.958026985119161,0.995473080132731,1,1,1,200,98,102,92,2,0,0,4,0,4,98,93,1,8,98,0.910053967619428,0.849668518937332,0.960000099990001,850,1293.32,94,106,0.961516649002471,1,0.948556920460116,0.999761181276598,0.961516649002471,0.948556920460116,1,0.999761181276598,1,"CRC","IBD","CDW","BDJ","Microscopic exam","0.256","1.000 (0.96 - 1.00)","0.986 (0.95 - 1.00)","1.000","0.961","1.000","0.980","0.980","0.973","0.910"
"invasive crc","ibd","CDW","AD","llama3_8B",NA,NA,0.279111111111111,0.967253176930596,0.930318846535378,0.994876587368865,0.945382165605096,0.879187614386902,0.991008935137495,0.99636251541307,0.988320377023226,1,0.990160106737825,0.968100592479396,1,0.979217159476491,0.952075366937134,0.996608925874519,0.279111111111111,0.256694989727502,0.307503101825526,0.955461084690142,0.906794454498305,0.993012174150731,0.984210302082581,0.965538470524502,0.99782159647824,0.978331574273437,0.946462864029529,0.99663230860874,200,98,102,95,2,3,1,1,0,1,97,93,1,8,98,0.910053967619428,0.849367342839928,0.96,850,1293.32,101,99,0.875173563355667,0.977889427590582,0.963424255016521,1,0.875173563355667,0.963424255016521,0.991008935137495,1,1,"CRC","IBD","CDW","AD","Microscopic exam","0.279","0.945 (0.88 - 0.99)","0.996 (0.96 - 1.00)","0.978","0.990","0.979","0.967","0.984","0.955","0.910"
"any dysplasia","ibd","CDW","gemma2_9B_SPPO","llama3_8B",313,1000,0.313,0.981809732457014,0.962455299960214,1,0.964269413835822,0.92762779357222,1,1,1,1,1,1,1,0.98398176025255,0.968079446804829,1,0.313,0.313,0.313,0.974075723536865,0.947637800583578,1,0.991629549849914,0.982537563610196,1,0.983398065366077,0.96567453369633,1,200,97,103,96,1,2,1,0,0,2,98,93,5,0,102,0.949929901862608,0.900157998775543,0.989969909729188,622,813.72,100,100,0.90074284328734,0.988995506013812,0.963783307354824,1,0.90074284328734,0.963783307354824,1,1,3,"Dysplasia","IBD","CDW","gemma2_9B_SPPO","Microscopic exam","0.313","0.964 (0.90 - 1.00)","1.000 (0.96 - 1.00)","0.983","1.000","0.984","0.982","0.992","0.974","0.950"
"any dysplasia","ibd","CDW","llama3_8B","llama3_8B",310,1000,0.31,0.968592351505289,0.936700320474205,0.994764397905759,0.96,0.91743119266055,0.990740740740741,0.99,0.968085106382979,1,0.977339901477832,0.930619498128099,1,0.982171099928109,0.963841222031497,0.995811942718184,0.31,0.31,0.31,0.954743657394824,0.908276499644184,0.992458414233044,0.979680880704722,0.953374496693752,0.997640971006773,0.982033101346583,0.961876595375136,0.995898247885288,200,97,103,96,0,4,0,0,1,0,99,93,5,0,102,0.949929901862608,0.900209559924159,0.989957822855995,622,813.72,100,100,0.90074284328734,0.988995506013812,0.945540614607919,0.999746853967023,0.90074284328734,0.945540614607919,0.990740740740741,1,3,"Dysplasia","IBD","CDW","llama3_8B","Microscopic exam","0.310","0.960 (0.90 - 0.99)","0.990 (0.95 - 1.00)","0.982","0.977","0.982","0.969","0.980","0.955","0.950"
"any dysplasia","ibd","CDW","either","llama3_8B",320,1000,0.32,0.966708644127999,0.93828798938288,0.994924209806638,0.9355625,0.88375,0.989899686694068,1,1,1,1,1,1,0.970568924666724,0.948131622978249,0.995269396367862,0.32,0.32,0.32,0.952904974057493,0.915374962409955,0.992580910374248,0.984052405867044,0.969978209991123,0.997604956929846,0.96860547881593,0.941706495338087,0.995221358913065,200,97,103,96,1,4,1,0,0,0,98,93,5,0,102,0.949929901862608,0.900159744408946,0.989957822855995,622,813.72,102,98,0.86370300281928,0.971964735376614,0.963058012964807,1,0.86370300281928,0.963058012964807,0.989899686694068,1,3,"Dysplasia","IBD","CDW","either","Microscopic exam","0.320","0.936 (0.86 - 0.99)","1.000 (0.96 - 1.00)","0.969","1.000","0.971","0.967","0.984","0.953","0.950"
"any dysplasia","ibd","CDW","both","llama3_8B",303,1000,0.303,0.978435270492548,0.949375587484893,1,0.979591836734694,0.947368421052632,1,0.990100430416069,0.967718794835007,1,0.97728143205596,0.929615216254801,1,0.991119031358905,0.977421550266236,1,0.303,0.303,0.303,0.969046150025173,0.927626217235654,1,0.984204687682059,0.957746110467416,1,0.991226734599103,0.976953946687415,1,200,97,103,96,0,2,0,0,1,2,99,93,5,0,102,0.949929901862608,0.900159744408946,0.989909640023711,622,813.72,98,102,0.928217942829897,0.997518850121267,0.946584589602814,0.99975181699873,0.928217942829897,0.946584589602814,1,1,3,"Dysplasia","IBD","CDW","both","Microscopic exam","0.303","0.980 (0.93 - 1.00)","0.990 (0.95 - 1.00)","0.991","0.977","0.991","0.978","0.984","0.969","0.950"
"any dysplasia","ibd","CDW","BDJ","llama3_8B",NA,NA,0.3076,0.994935468060774,0.983143261477703,1,0.989921976592978,0.966845401772075,1,1,1,1,1,1,1,0.995542774982027,0.98550547975785,1,0.3076,0.291764705882353,0.326415682159056,0.992728397696503,0.976126847313276,1,0.997743721646861,0.992457884444803,1,0.995497601956963,0.985028684284586,1,200,97,103,96,1,1,0,0,0,3,99,93,5,0,102,0.949929901862608,0.9,0.989927477840451,622,813.72,98,102,0.944455028336686,0.999741688388759,0.964480673342116,1,0.944455028336686,0.964480673342116,1,1,3,"Dysplasia","IBD","CDW","BDJ","Microscopic exam","0.308","0.990 (0.94 - 1.00)","1.000 (0.96 - 1.00)","0.995","1.000","0.996","0.995","0.998","0.993","0.950"
"any dysplasia","ibd","CDW","AD","llama3_8B",NA,NA,0.2921,0.979215554810593,0.956153066694308,0.995260663507109,1,1,1,0.982483401610397,0.964853341763045,0.995878069293641,0.95927750410509,0.915989726270518,0.990566037735849,1,1,1,0.2921,0.270841167574108,0.313581730769231,0.970811117221831,0.940280019585552,0.993196949257254,0.979215554810593,0.956153066694308,0.995260663507109,1,1,1,200,97,103,92,1,0,0,4,0,4,99,93,5,0,102,0.949929901862608,0.900159744408946,0.989957822855995,622,813.72,93,107,0.961111001465724,1,0.934108103007567,0.997728291629585,0.961111001465724,0.934108103007567,1,0.997728291629585,3,"Dysplasia","IBD","CDW","AD","Microscopic exam","0.292","1.000 (0.96 - 1.00)","0.982 (0.93 - 1.00)","1.000","0.959","1.000","0.979","0.979","0.971","0.950"
"indefinite dysplasia","ibd","CDW","gemma2_9B_SPPO","llama3_8B",2024,65453,0.030922952347486,0.674001111888796,0.622789759913014,0.884124720212556,0.525840452207914,0.468390675530004,0.818181818181818,0.998898656090162,0.997858497953092,1,0.93840617495805,0.889443223443384,1,0.985079039078691,0.983308313722575,0.994222329362866,0.030922952347486,0.030922952347486,0.030922952347486,0.696124132421867,0.649777210372059,0.884194424906201,0.955731521760068,0.9292158200689,0.988084289362809,0.973708641202738,0.967117673044827,0.993273859393225,200,73,127,70,0,23,1,3,0,4,99,68,17,4,111,0.780793319415449,0.685699319015191,0.86556637694465,856,1004.34,94,106,0.41573235264639,0.625443710386519,0.96579783272365,1,0.41573235264639,0.96579783272365,0.818181818181818,1,4,"IND","IBD","CDW","gemma2_9B_SPPO","Microscopic exam","0.031","0.526 (0.42 - 0.82)","0.999 (0.97 - 1.00)","0.974","0.938","0.985","0.674","0.956","0.696","0.781"
"indefinite dysplasia","ibd","CDW","llama3_8B","llama3_8B",1577,65453,0.0240936244327991,0.84393063583815,0.782608695652174,0.897965293901992,0.73,0.642857142857143,0.814824879227053,1,1,1,1,1,1,0.99337825587748,0.991259758642974,0.995449116865338,0.0240936244327991,0.0240936244327991,0.0240936244327991,0.851566865719046,0.798272144240599,0.900620178137303,0.995455076733406,0.99318880528103,0.997202528145979,0.990951279208471,0.986469767609464,0.994420664329143,200,73,127,73,0,27,0,0,0,0,100,68,17,4,111,0.780793319415449,0.689972204404533,0.866314279876438,856,1004.34,100,100,0.631983727091025,0.813933577709259,0.963783307354824,1,0.631983727091025,0.963783307354824,0.814824879227053,1,4,"IND","IBD","CDW","llama3_8B","Microscopic exam","0.024","0.730 (0.63 - 0.81)","1.000 (0.96 - 1.00)","0.991","1.000","0.993","0.844","0.995","0.852","0.781"
"indefinite dysplasia","ibd","CDW","either","llama3_8B",2187,65453,0.0334132889248774,0.641285777300091,0.589915233345344,0.885416666666667,0.471979881115684,0.418354447403104,0.794392523364486,1,1,1,1,1,1,0.982074417602519,0.980289787968249,0.992942652931188,0.0334132889248774,0.0334132889248774,0.0334132889248774,0.680822566361303,0.640397214656937,0.888136374448335,0.981030413433099,0.976533433604486,0.995546374850579,0.962767119221264,0.954142974150763,0.991132243365125,200,73,127,73,0,27,1,0,0,0,99,68,17,4,111,0.780793319415449,0.688604719936053,0.865033222591362,856,1004.34,101,99,0.374945772487571,0.577038794908365,0.963424255016521,1,0.374945772487571,0.963424255016521,0.794392523364486,1,4,"IND","IBD","CDW","either","Microscopic exam","0.033","0.472 (0.37 - 0.79)","1.000 (0.96 - 1.00)","0.963","1.000","0.982","0.641","0.981","0.681","0.781"
"indefinite dysplasia","ibd","CDW","both","llama3_8B",1414,65453,0.0216032878554077,0.835349286946206,0.770756933438731,0.891946377251894,0.752688172043011,0.662921348314607,0.839080459770115,0.998909146881476,0.997878896713982,1,0.938406174958048,0.885196751567967,1,0.994563040704042,0.992604170802854,0.99645344750493,0.0216032878554077,0.0216032878554077,0.0216032878554077,0.837387103513488,0.776977535287929,0.892760657878866,0.965043830053101,0.935607190251862,0.996383489118817,0.993237943072519,0.989550785948556,0.996021105297529,200,73,127,70,0,23,0,3,0,4,100,68,17,4,111,0.780793319415449,0.688920283638379,0.863244266778876,856,1004.34,93,107,0.652371371591107,0.836315103387343,0.966112000525989,1,0.652371371591107,0.966112000525989,0.839080459770115,1,4,"IND","IBD","CDW","both","Microscopic exam","0.022","0.753 (0.65 - 0.84)","0.999 (0.97 - 1.00)","0.993","0.938","0.995","0.835","0.965","0.837","0.781"
"indefinite dysplasia","ibd","CDW","BDJ","llama3_8B",NA,NA,0.0204795807678792,0.88607594936709,0.829931972789116,0.935672514619883,0.823529411764706,0.738080357142857,0.903225806451613,0.999262078953341,0.998342964059377,1,0.958904109589046,0.907692307692312,1,0.996321253265267,0.994553034144279,0.997977741932863,0.0204795807678792,0.0186669728407244,0.0220858223967325,0.886538944589907,0.83254873558611,0.935269372845437,0.976966424793531,0.949792925505526,0.997599016457525,0.99572226197481,0.99294689654721,0.997866953969877,200,73,127,70,0,15,0,3,0,12,100,68,17,4,111,0.780793319415449,0.689569536423841,0.865145228215768,856,1004.34,85,115,0.72569509830186,0.897729887857453,0.968431804011753,1,0.72569509830186,0.968431804011753,0.903225806451613,1,4,"IND","IBD","CDW","BDJ","Microscopic exam","0.020","0.824 (0.73 - 0.90)","0.999 (0.97 - 1.00)","0.996","0.959","0.996","0.886","0.977","0.887","0.781"
"indefinite dysplasia","ibd","CDW","AD","llama3_8B",NA,NA,0.0268655371029594,0.769627857741851,0.504110876742156,1.00000000000001,0.636744141080396,0.340058798297304,1,0.999504824351589,0.998736911160035,1,0.972602739726028,0.929577464788733,1.00000000000001,0.990066217441225,0.967277366616683,1,0.0268655371029594,0.0154887585639423,0.0494140468832022,0.782621957301961,0.563571557030892,1.00000000000001,0.978719148269938,0.935839680343686,1.00000000000001,0.98491297219422,0.913166463774257,1,200,73,127,71,0,0,1,2,0,27,99,68,17,4,111,0.780793319415449,0.688796680497925,0.865036022731972,856,1004.34,72,128,0.517128648097021,0.748837148221439,0.971591946556456,1,0.340058798297304,0.971591946556456,1,1,4,"IND","IBD","CDW","AD","Microscopic exam","0.027","0.637 (0.34 - 1.00)","1.000 (0.97 - 1.00)","0.985","0.973","0.990","0.770","0.979","0.783","0.781"
"hgd or crc","non-ibd","CDW","gemma2_9B_SPPO","llama3_8B",322,783,0.411238825031928,0.975299860980893,0.937365267092538,1,0.96583850931677,0.89751552795031,1,0.989690721649485,0.967032967032967,1,0.984948413216665,0.952809506342396,1,0.976457869073098,0.932474069195851,1,0.411238825031928,0.411238825031928,0.411238825031928,0.958463252066798,0.895741740054742,1,0.98057727291643,0.94965256802106,1,0.97624475889717,0.926133954329012,1,200,103,97,100,2,0,1,0,1,0,96,101,2,3,94,0.949939927913496,0.899849774661993,0.989969909729188,487.5,673.805,103,97,0.903545521623496,0.989319067210169,0.943895845894908,0.999739025729976,0.89751552795031,0.943895845894908,1,1,2,"HGD/CRC","non-IBD","CDW","gemma2_9B_SPPO","Microscopic exam","0.411","0.966 (0.90 - 1.00)","0.990 (0.94 - 1.00)","0.976","0.985","0.976","0.975","0.981","0.958","0.950"
"hgd or crc","non-ibd","CDW","llama3_8B","llama3_8B",370,1000,0.37,0.975095533008301,0.945803121543566,1,1,1,1,0.97,0.932692307692308,1,0.951401388531756,0.897178829564001,1,1,1,1,0.37,0.37,0.37,0.96065568591239,0.914763244210616,1,0.975095533008301,0.945803121543566,1,1,1,1,200,103,97,100,0,0,0,0,3,0,97,101,2,3,94,0.949939927913496,0.899919935948759,0.989969909729188,487.5,673.805,100,100,0.963783307354824,1,0.91482394702572,0.993770028461694,0.963783307354824,0.91482394702572,1,1,2,"HGD/CRC","non-IBD","CDW","llama3_8B","Microscopic exam","0.370","1.000 (0.96 - 1.00)","0.970 (0.91 - 1.00)","1.000","0.951","1.000","0.975","0.975","0.961","0.950"
"hgd or crc","non-ibd","CDW","either","llama3_8B",324,783,0.413793103448276,0.974419726614849,0.934855461499994,1,0.963991769547325,0.891975308641975,1,0.989690721649485,0.967032967032967,1,0.985075759217913,0.953298398275247,1,0.97496072632332,0.928402326062473,1,0.413793103448276,0.413793103448276,0.413793103448276,0.95685421416786,0.89443655347428,1,0.979852352217545,0.949169390701488,1,0.974684047718768,0.921245077817364,1,200,103,97,100,2,0,1,0,1,0,96,101,2,3,94,0.949939927913496,0.899959733768445,0.989957822855995,487.5,673.805,103,97,0.903545521623496,0.989319067210169,0.943895845894908,0.999739025729976,0.891975308641975,0.943895845894908,1,1,2,"HGD/CRC","non-IBD","CDW","either","Microscopic exam","0.414","0.964 (0.89 - 1.00)","0.990 (0.94 - 1.00)","0.975","0.985","0.975","0.974","0.980","0.957","0.950"
"hgd or crc","non-ibd","CDW","both","llama3_8B",289,783,0.369093231162197,0.975000843426335,0.944595763770949,1,1,1,1,0.97,0.931372549019608,1,0.951221117767099,0.895008501335924,1,1,1,1,0.369093231162197,0.369093231162197,0.369093231162197,0.960564669470039,0.913009501201088,1,0.975000843426335,0.944595763770949,1,1,1,1,200,103,97,100,0,0,0,0,3,0,97,101,2,3,94,0.949939927913496,0.9000099990001,0.989957822855995,487.5,673.805,100,100,0.963783307354824,1,0.91482394702572,0.993770028461694,0.963783307354824,0.91482394702572,1,1,2,"HGD/CRC","non-IBD","CDW","both","Microscopic exam","0.369","1.000 (0.96 - 1.00)","0.970 (0.91 - 1.00)","1.000","0.951","1.000","0.975","0.975","0.961","0.950"
"hgd or crc","non-ibd","CDW","BDJ","llama3_8B",NA,NA,0.3915,0.987186058431574,0.966260013702687,1,0.983908045977011,0.949245954960585,1,0.99391947411668,0.980324235135082,1,0.990485986114683,0.969058957418553,1,0.989690721649485,0.966666666666667,1,0.3915,0.369583959899749,0.418932295556385,0.979001409297573,0.944792076657265,1,0.990085312873536,0.974390851707644,1,0.989684963663487,0.965392623794366,1,200,103,97,99,3,0,1,1,0,0,96,101,2,3,94,0.949939927913496,0.899989498799835,0.989957822855995,487.5,673.805,103,97,0.931614068099619,0.997639742062891,0.943895845894908,0.999739025729976,0.931614068099619,0.943895845894908,1,1,2,"HGD/CRC","non-IBD","CDW","BDJ","Microscopic exam","0.392","0.984 (0.93 - 1.00)","0.994 (0.94 - 1.00)","0.990","0.990","0.990","0.987","0.990","0.979","0.950"
"hgd or crc","non-ibd","CDW","AD","llama3_8B",NA,NA,0.3978,0.979280538960213,0.951886614746051,1,0.968325791855204,0.920688141246743,1,0.99385586183992,0.979934561472928,1,0.990485986114682,0.968923446582348,1,0.979381443298969,0.945652173913043,1,0.3978,0.372500250025003,0.428638863886389,0.966016897936193,0.921212854117627,1,0.984732940930424,0.963544729278047,1,0.979046340701346,0.941721864032853,1,200,103,97,99,3,0,2,1,0,0,95,101,2,3,94,0.949939927913496,0.899929950965676,0.98994368463395,487.5,673.805,104,96,0.918008724107879,0.994011261022138,0.943325293011685,0.999736307606449,0.918008724107879,0.943325293011685,1,1,2,"HGD/CRC","non-IBD","CDW","AD","Microscopic exam","0.398","0.968 (0.92 - 1.00)","0.994 (0.94 - 1.00)","0.979","0.990","0.979","0.979","0.985","0.966","0.950"
"invasive crc","non-ibd","CDW","gemma2_9B_SPPO","llama3_8B",180,343,0.524781341107872,0.963899925521425,0.939354766050761,0.987202925045704,0.971408934707904,0.936250914946567,1,0.951221612312991,0.913046065157605,0.990332775608849,0.956506115406154,0.924870639222332,0.99105123700035,0.9678743080496,0.930736910475359,1,0.524781341107872,0.524781341107872,0.524781341107872,0.923505070775677,0.871814884373587,0.973048469966433,0.963131238541546,0.938396215980105,0.986825943773911,0.969848778004703,0.932850930675263,1,200,103,97,95,4,2,1,2,2,1,93,99,1,5,95,0.94,0.889535496655257,0.97999799979998,618.5,857.285,102,98,0.916446658141644,0.993893026137571,0.884941600069478,0.98322858402902,0.916446658141644,0.884941600069478,1,0.990332775608849,1,"CRC","non-IBD","CDW","gemma2_9B_SPPO","Microscopic exam","0.525","0.971 (0.92 - 1.00)","0.951 (0.88 - 0.99)","0.970","0.957","0.968","0.964","0.963","0.924","0.940"
"invasive crc","non-ibd","CDW","llama3_8B","llama3_8B",261,488,0.53483606557377,0.959358835900642,0.931429980428904,0.982733046818545,0.97,0.932692307692308,1,0.94,0.888888888888889,0.980769230769231,0.948948611267289,0.908729627027375,0.983064623510112,0.964603770173139,0.923988086121502,1,0.53483606557377,0.53483606557377,0.53483606557377,0.911774460659427,0.850232914170029,0.962790310845961,0.958064260808091,0.929654542442004,0.982203057624461,0.967356739785474,0.927438949757496,1,200,103,97,97,0,3,0,0,6,0,94,99,1,5,95,0.94,0.889536051415947,0.979983987189752,618.5,857.285,100,100,0.91482394702572,0.993770028461694,0.873970065419177,0.977665113928684,0.91482394702572,0.873970065419177,1,0.980769230769231,1,"CRC","non-IBD","CDW","llama3_8B","Microscopic exam","0.535","0.970 (0.91 - 1.00)","0.940 (0.87 - 0.98)","0.967","0.949","0.965","0.959","0.958","0.912","0.940"
"invasive crc","non-ibd","CDW","either","llama3_8B",187,343,0.545189504373178,0.968996315603363,0.938822376991588,0.991053241024794,0.956363636363636,0.904715605250365,0.99124173780184,0.978947368421053,0.945054945054945,1,0.981967194164769,0.95428234719307,1,0.949277638190955,0.895708920514829,0.989430021252492,0.545189504373178,0.545189504373178,0.545189504373178,0.93327570409348,0.873371940010289,0.980400775127255,0.965217414656314,0.931779914384409,0.990132897668325,0.949029466219078,0.890372938377973,0.989713234503968,200,103,97,97,4,3,1,0,2,0,93,99,1,5,95,0.94,0.889513860988349,0.97999399819946,618.5,857.285,105,95,0.892365434213939,0.984359707860826,0.926013452571173,0.997440182013938,0.892365434213939,0.926013452571173,0.99124173780184,1,1,"CRC","non-IBD","CDW","either","Microscopic exam","0.545","0.956 (0.89 - 0.99)","0.979 (0.93 - 1.00)","0.949","0.982","0.949","0.969","0.965","0.933","0.940"
"invasive crc","non-ibd","CDW","both","llama3_8B",172,343,0.501457725947522,0.949140623063769,0.921217503909648,0.976828981126304,0.979381443298969,0.946808510638298,1,0.915165692007797,0.862467416299898,0.968085106382979,0.920711385717591,0.877465691888741,0.968665772837473,0.977840553333408,0.944599884664828,1,0.501457725947522,0.501457725947522,0.501457725947522,0.896547301040169,0.839310286776142,0.953349722586012,0.949841962459141,0.922886277488413,0.976862921710486,0.980876103056602,0.950561911035709,1,200,103,97,95,0,2,0,2,6,1,94,99,1,5,95,0.94,0.889669007021063,0.97999199679872,618.5,857.285,97,103,0.927497850073609,0.997493170236183,0.840600809544495,0.959263573353295,0.927497850073609,0.840600809544495,1,0.968085106382979,1,"CRC","non-IBD","CDW","both","Microscopic exam","0.501","0.979 (0.93 - 1.00)","0.915 (0.84 - 0.97)","0.981","0.921","0.978","0.949","0.950","0.897","0.940"
"invasive crc","non-ibd","CDW","BDJ","llama3_8B",NA,NA,0.531352459016393,0.97713319013857,0.954529277850351,0.995262577720336,0.991245661396066,0.971404198939151,1,0.957324005247048,0.912543714239449,0.990484336148127,0.96341691967465,0.925443056227728,0.991977202707495,0.989738257764116,0.965892955923433,1,0.531352459016393,0.501151639759118,0.561378142205548,0.950859657847702,0.902778120827857,0.989803823076288,0.976744099207091,0.954128238928141,0.995045818607055,0.990445167029839,0.967406486779796,1,200,103,97,95,4,0,1,2,2,3,93,99,1,5,95,0.94,0.889224014110052,0.97999399819946,618.5,857.285,100,100,0.945540614607919,0.999746853967023,0.90074284328734,0.988995506013812,0.945540614607919,0.90074284328734,1,0.990484336148127,1,"CRC","non-IBD","CDW","BDJ","Microscopic exam","0.531","0.991 (0.95 - 1.00)","0.957 (0.90 - 0.99)","0.990","0.963","0.990","0.977","0.977","0.951","0.940"
"invasive crc","non-ibd","CDW","AD","llama3_8B",NA,NA,0.552049180327869,0.995132322497622,0.984003009446952,1,0.990311804008909,0.968509767840339,1,1,1,1,1,1,1,0.98820125672438,0.96228059948662,1,0.552049180327869,0.526595895949918,0.578511988510303,0.989255967518312,0.9657141771392,1,0.994007911219997,0.980174711618171,1,0.988087204965459,0.961120225997034,1,200,103,97,97,6,1,0,0,0,2,94,99,1,5,95,0.94,0.889602569249297,0.97999399819946,618.5,857.285,104,96,0.947589300296772,0.999756589167837,0.962303078376412,1,0.947589300296772,0.962303078376412,1,1,1,"CRC","non-IBD","CDW","AD","Microscopic exam","0.552","0.990 (0.95 - 1.00)","1.000 (0.96 - 1.00)","0.988","1.000","0.988","0.995","0.994","0.989","0.940"
"any dysplasia","non-ibd","CDW","gemma2_9B_SPPO","llama3_8B",870,1000,0.87,0.9930603727142,0.98099845883349,0.999424956871765,0.987735632183908,0.964746838017162,1,0.989690721649485,0.966282558733402,1,0.998442834228564,0.994890000894474,1,0.923419107228344,0.806327967105722,1,0.87,0.87,0.87,0.949237671068736,0.874240488694913,0.99560321472222,0.959450621557305,0.890596194128764,0.999275160301087,0.923389469781944,0.803506042388377,1,200,101,99,99,1,1,2,0,1,0,96,95,8,0,97,0.920119820269596,0.860557768924303,0.96996996996997,328,537.63,103,97,0.947091713259796,0.999754226246306,0.943895845894908,0.999739025729976,0.947091713259796,0.943895845894908,1,1,3,"Dysplasia","non-IBD","CDW","gemma2_9B_SPPO","Microscopic exam","0.870","0.988 (0.95 - 1.00)","0.990 (0.94 - 1.00)","0.923","0.998","0.923","0.993","0.959","0.949","0.920"
"any dysplasia","non-ibd","CDW","llama3_8B","llama3_8B",875,1000,0.875,0.993548387096774,0.981572201861142,1,0.99,0.967391304347826,1,0.98,0.948979591836735,1,0.997122302158273,0.99269299100235,1,0.933333333333333,0.811084828329196,1,0.875,0.875,0.875,0.95002208733632,0.870316115641405,1,0.964604047397551,0.893218763134021,1,0.934139784946237,0.809301878633546,1,200,101,99,99,0,1,0,0,2,0,98,95,8,0,97,0.920119820269596,0.860460480414632,0.969945902624724,328,537.63,100,100,0.945540614607919,0.999746853967023,0.92961606752893,0.997568663176057,0.945540614607919,0.92961606752893,1,1,3,"Dysplasia","non-IBD","CDW","llama3_8B","Microscopic exam","0.875","0.990 (0.95 - 1.00)","0.980 (0.93 - 1.00)","0.934","0.997","0.933","0.994","0.965","0.950","0.920"
"any dysplasia","non-ibd","CDW","either","llama3_8B",878,1000,0.878,0.990086994005171,0.977605487140547,0.999305721537428,0.981772968868641,0.957847380410023,1,0.989690721649485,0.966666666666667,1,0.99854303440473,0.995317716444081,1,0.882970032143868,0.764868531489567,1,0.878,0.878,0.878,0.925396097284428,0.849097512253627,0.994296878395312,0.936823171763501,0.862878329123491,0.999305721537428,0.882288963652041,0.759741006082126,1,200,101,99,99,1,1,2,0,1,0,96,95,8,0,97,0.920119820269596,0.860557768924303,0.969945902624724,328,537.63,103,97,0.931614068099619,0.997639742062891,0.943895845894908,0.999739025729976,0.931614068099619,0.943895845894908,1,1,3,"Dysplasia","non-IBD","CDW","either","Microscopic exam","0.878","0.982 (0.93 - 1.00)","0.990 (0.94 - 1.00)","0.882","0.999","0.883","0.990","0.937","0.925","0.920"
"any dysplasia","non-ibd","CDW","both","llama3_8B",867,1000,0.867,0.993443249092877,0.981461237137911,1,0.99,0.967391304347826,1,0.98,0.948453608247423,1,0.996910533223382,0.992073480794467,1,0.937630386303144,0.821976216852015,1,0.867,0.867,0.867,0.952105399596458,0.876586154757562,1,0.966771089115722,0.900078706104872,1,0.938400567867063,0.820283068205137,1,200,101,99,99,0,1,0,0,2,0,98,95,8,0,97,0.920119820269596,0.860460480414632,0.969915764139591,328,537.63,100,100,0.945540614607919,0.999746853967023,0.92961606752893,0.997568663176057,0.945540614607919,0.92961606752893,1,1,3,"Dysplasia","non-IBD","CDW","both","Microscopic exam","0.867","0.990 (0.95 - 1.00)","0.980 (0.93 - 1.00)","0.938","0.997","0.938","0.993","0.967","0.952","0.920"
"any dysplasia","non-ibd","CDW","BDJ","llama3_8B",NA,NA,0.87875,0.994277539341917,0.982788884067475,1,0.988620199146515,0.966160189048628,1,1,1,1,1,1,1,0.923809523809523,0.801114678680423,1,0.87875,0.875,0.883495145631068,0.955665608569241,0.879930648363442,1,0.9599584205505,0.886151436430137,1,0.923000041073946,0.795576225935729,1,200,101,99,99,2,1,1,0,0,0,97,95,8,0,97,0.920119820269596,0.860557768924303,0.969946504308356,328,537.63,103,97,0.947091713259796,0.999754226246306,0.962684363091264,1,0.947091713259796,0.962684363091264,1,1,3,"Dysplasia","non-IBD","CDW","BDJ","Microscopic exam","0.879","0.989 (0.95 - 1.00)","1.000 (0.96 - 1.00)","0.923","1.000","0.924","0.994","0.960","0.956","0.920"
"any dysplasia","non-ibd","CDW","AD","llama3_8B",NA,NA,0.82375,0.97341211225997,0.946533029921789,0.993947415741288,1,1,1,0.74468085106383,0.594951026240005,0.926274208395658,0.948201438848921,0.898493314758774,0.987967658251719,1,1,1,0.82375,0.777811239516822,0.85979902668358,0.840302001938566,0.732335873675818,0.956803888819229,0.97341211225997,0.946533029921789,0.993947415741288,1,1,1,200,101,99,94,1,0,0,5,1,1,98,95,8,0,97,0.920119820269596,0.860460480414632,0.969915764139591,328,537.63,95,105,0.961913922429989,1,0.648345865833727,0.823204751270176,0.961913922429989,0.594951026240005,1,0.926274208395658,3,"Dysplasia","non-IBD","CDW","AD","Microscopic exam","0.824","1.000 (0.96 - 1.00)","0.745 (0.59 - 0.93)","1.000","0.948","1.000","0.973","0.973","0.840","0.920"
"invasive crc unfiltered","ibd","MVP","gemma2_9B_SPPO","either",157,21372,0.0073460602657683,0.977198697068404,0.958904109589041,0.993103448275862,0.955414012738854,0.921052631578947,0.986301369863014,1,1,1,1,1,1,0.999670153614174,0.999416097123751,0.999898634601628,0.0073460602657683,0.0073460602657683,0.0073460602657683,0.977291600741449,0.959434638888023,0.99307673068688,0.999827353246725,0.999682939520882,0.999948610806067,0.999654766096963,0.999366080032732,0.999897226893562,309,150,159,150,0,7,0,0,0,2,150,NA,NA,NA,NA,NA,NA,NA,930,1162.04207119741,157,152,0.910295458941915,0.981888845930976,0.976023179096208,1,0.910295458941915,0.976023179096208,0.986301369863014,1,1,"CRC (unfiltered)","IBD","MVP","gemma2_9B_SPPO","Microscopic exam","0.007","0.955 (0.91 - 0.99)","1.000 (0.98 - 1.00)","1.000","1.000","1.000","0.977","1.000","0.977","NA"
"invasive crc unfiltered","ibd","MVP","llama3_8B","either",151,21372,0.00706531910911473,0.956810631229233,0.935929394327292,0.974811548985843,0.95364238410596,0.917241379310345,0.985815602836879,0.999717261203525,0.999623014938033,0.999849205975213,0.959999999999995,0.946446083656674,0.978300462507418,0.999670153614174,0.999411297393619,0.999899058045396,0.00706531910911473,0.00706531910911473,0.00706531910911473,0.956509695331785,0.935687840304636,0.974706758561439,0.979432539743435,0.972269723107718,0.988872390377396,0.999668049219162,0.999385970874944,0.999901720270937,309,150,159,144,0,7,0,6,0,2,150,NA,NA,NA,NA,NA,NA,NA,930,1162.04207119741,151,158,0.906819760518925,0.981161392836595,0.97692310201028,1,0.906819760518925,0.97692310201028,0.985815602836879,1,1,"CRC (unfiltered)","IBD","MVP","llama3_8B","Microscopic exam","0.007","0.954 (0.91 - 0.99)","1.000 (0.98 - 1.00)","1.000","0.960","1.000","0.957","0.979","0.957","NA"
"invasive crc unfiltered","ibd","MVP","either","either",159,21372,0.00743964065131948,0.970873786407767,0.950310559006211,0.98780487804878,0.943396226415094,0.905325443786982,0.975903614457831,1,1,1,1,1,1,0.999575911789652,0.999290879184377,0.999819420476014,0.00743964065131948,0.00743964065131948,0.00743964065131948,0.971079885075263,0.951148494542193,0.98778914057995,0.999775188438747,0.99960823700183,0.999907472713179,0.999550477935252,0.999216780839947,0.999814962547372,309,150,159,150,0,9,0,0,0,0,150,NA,NA,NA,NA,NA,NA,NA,930,1162.04207119741,159,150,0.895269868903874,0.973793513818914,0.975707402833891,1,0.895269868903874,0.975707402833891,0.975903614457831,1,1,"CRC (unfiltered)","IBD","MVP","either","Microscopic exam","0.007","0.943 (0.90 - 0.98)","1.000 (0.98 - 1.00)","1.000","1.000","1.000","0.971","1.000","0.971","NA"
"invasive crc unfiltered","ibd","MVP","both","either",149,21372,0.00697173872356354,0.963210702341137,0.943758123109749,0.980155262183062,0.966442953020134,0.934782608695652,0.993055555555556,0.999717287848089,0.999575931772134,0.999871494476404,0.959999999999999,0.941022331531344,0.981384485687811,0.999764395438696,0.99954220157562,0.999951233858652,0.00697173872356354,0.00697173872356354,0.00697173872356354,0.962957008112924,0.943404554412885,0.980058744429677,0.979479565426997,0.969465861015554,0.990504925474229,0.999766031917015,0.999531350133079,0.999952936993953,309,150,159,144,0,5,0,6,0,4,150,NA,NA,NA,NA,NA,NA,NA,930,1162.04207119741,149,160,0.923428638625298,0.989015995029777,0.977208250544534,1,0.923428638625298,0.977208250544534,0.993055555555556,1,1,"CRC (unfiltered)","IBD","MVP","both","Microscopic exam","0.007","0.966 (0.92 - 0.99)","1.000 (0.98 - 1.00)","1.000","0.960","1.000","0.963","0.979","0.963","NA"
